blog_post_url	source	views	registration	conversion
https://blog.bookly.com/learning/courses/editing/novel-revision-understanding-craft/	blog_post_url	21.0	21.0	100.0
https://blog.bookly.com/learning/courses/writing/short-story/submitting-your-work/	blog_post_url	21.0	21.0	100.0
https://blog.bookly.com/learning/courses/writing/3-act-story-structure//	blog_post_url	21.0	21.0	100.0
https://blog.bookly.com/learning/courses/distribution/	blog_post_url	35.0	21.0	60.0
https://blog.bookly.com/learning/courses/marketing/growing-influence-non-fiction-platform/	blog_post_url	35.0	21.0	60.0
https://blog.bookly.com/manuscript-format//	blog_post_url	161.0	91.0	56.52173913043478
https://blog.bookly.com/writing-contests/page/3//	blog_post_url	42.0	21.0	50.0
https://blog.bookly.com/book-cover-makers//	blog_post_url	91.0	42.0	46.15384615384615
https://blog.bookly.com/writing-publishing-resources/	blog_post_url	56.0	21.0	37.5
https://blog.bookly.com/character-motivation//	blog_post_url	56.0	21.0	37.5
https://blog.bookly.com/best-self-publishing-companies//	blog_post_url	56.0	21.0	37.5
https://blog.bookly.com/self-publishing-a-family-memoir/	blog_post_url	56.0	21.0	37.5
https://blog.bookly.com/learning/courses/marketing/author-blog/	blog_post_url	56.0	21.0	37.5
https://blog.bookly.com/learning/courses/publishing/inside-a-big-5-publisher/	blog_post_url	56.0	21.0	37.5
https://blog.bookly.com/character-development//	blog_post_url	574.0	196.0	34.146341463414636
https://blog.bookly.com/learning/courses/writing/	blog_post_url	273.0	91.0	33.33333333333333
https://blog.bookly.com/10-exercises-to-become-a-better-writer/	blog_post_url	140.0	42.0	30.0
https://blog.bookly.com/live/amazon-popularity-list/	blog_post_url	70.0	21.0	30.0
https://blog.bookly.com/novlr/	blog_post_url	70.0	21.0	30.0
https://blog.bookly.com/how-to-start-writing-a-book/	blog_post_url	196.0	56.0	28.57142857142857
https://blog.bookly.com/how-to-publish-on-apple-books/	blog_post_url	126.0	35.0	27.77777777777778
https://blog.bookly.com/learning/courses/design/book-design-101/	blog_post_url	126.0	35.0	27.77777777777778
https://blog.bookly.com/cost-professional-author-website/	blog_post_url	77.0	21.0	27.27272727272727
https://blog.bookly.com/work-with-a-ghostwriter/	blog_post_url	77.0	21.0	27.27272727272727
https://blog.bookly.com/creative-writing-prompts/contests/41/	blog_post_url	77.0	21.0	27.27272727272727
https://blog.bookly.com/creative-writing-prompts/mystery/page/2/	blog_post_url	77.0	21.0	27.27272727272727
https://blog.bookly.com/how-to-write-a-book-proposal//	blog_post_url	868.0	203.0	23.387096774193548
https://blog.bookly.com/learning/courses/writing/writing-dialogue/	blog_post_url	91.0	21.0	23.076923076923077
https://blog.bookly.com/writing-exercises/outlining/	blog_post_url	91.0	21.0	23.076923076923077
https://blog.bookly.com/novel-writing-software//	blog_post_url	98.0	21.0	21.428571428571427
https://blog.bookly.com/largest-book-publishers//	blog_post_url	196.0	42.0	21.428571428571427
https://blog.bookly.com/author-websites-tips/	blog_post_url	273.0	56.0	20.51282051282051
https://blog.bookly.com/worldbuilding-guide//	blog_post_url	343.0	70.0	20.408163265306122
https://blog.bookly.com/freelancer/7-top-tips-for-creating-a-great-professional-profile-on-bookly/	blog_post_url	105.0	21.0	20.0
https://blog.bookly.com/character-profile//	blog_post_url	364.0	70.0	19.230769230769234
https://blog.bookly.com/podcast/	blog_post_url	126.0	21.0	16.666666666666664
https://blog.bookly.com/plot-twist-ideas-examples//	blog_post_url	126.0	21.0	16.666666666666664
https://blog.bookly.com/guide/point-of-view//	blog_post_url	252.0	42.0	16.666666666666664
https://blog.bookly.com/how-to-get-an-isbn//	blog_post_url	126.0	21.0	16.666666666666664
https://blog.bookly.com/character-profile/	blog_post_url	34069.0	5439.0	15.964659954797616
https://blog.bookly.com/learning/courses/writing/the-ten-commandments-of-writing-ya-novels/	blog_post_url	140.0	21.0	15.0
https://blog.bookly.com/category/perfecting-craft/	blog_post_url	140.0	21.0	15.0
https://blog.bookly.com/creative-writing-prompts/contests/43/	blog_post_url	140.0	21.0	15.0
https://blog.bookly.com/learning/courses/writing/childrens-books-right-age/	blog_post_url	777.0	112.0	14.414414414414415
https://blog.bookly.com/freelancer/	blog_post_url	147.0	21.0	14.285714285714285
https://blog.bookly.com/manuscript-format/	blog_post_url	7448.0	1064.0	14.285714285714285
https://blog.bookly.com/how-to-write-a-book-proposal/	blog_post_url	8267.0	1176.0	14.225232853513972
https://blog.bookly.com/how-to-write-a-novel//	blog_post_url	301.0	42.0	13.953488372093023
https://blog.bookly.com/how-to-write-a-thriller//	blog_post_url	161.0	21.0	13.043478260869565
https://blog.bookly.com/writing-memoir-tips-for-finding-your-memoirs-theme-by-julia-scheeres/	blog_post_url	161.0	21.0	13.043478260869565
https://blog.bookly.com/stories/	blog_post_url	161.0	21.0	13.043478260869565
https://blog.bookly.com/bookbub-for-authors/	blog_post_url	322.0	42.0	13.043478260869565
https://blog.bookly.com/how-to-write-a-nonfiction-book/	blog_post_url	161.0	21.0	13.043478260869565
https://blog.bookly.com/how-does-bookly-select-its-publishing-professionals/	blog_post_url	182.0	21.0	11.538461538461538
https://blog.bookly.com/creative-writing-prompts/contests/44/	blog_post_url	798.0	91.0	11.403508771929824
https://blog.bookly.com/worldbuilding-guide/	blog_post_url	17346.0	1918.0	11.057304277643262
https://blog.bookly.com/marketing-value-professional-book-cover/	blog_post_url	196.0	21.0	10.714285714285714
https://blog.bookly.com/6-steps-for-building-your-author-mailing-list-through-giveaways/	blog_post_url	420.0	42.0	10.0
https://blog.bookly.com/writing-exercises/plot-development/	blog_post_url	210.0	21.0	10.0
https://blog.bookly.com/independent-publishers/page/3/	blog_post_url	217.0	21.0	9.67741935483871
https://blog.bookly.com/poetry-editor/	blog_post_url	378.0	35.0	9.25925925925926
https://blog.bookly.com/literary-magazines//	blog_post_url	231.0	21.0	9.090909090909092
https://blog.bookly.com/how-to-write-a-book//	blog_post_url	476.0	42.0	8.823529411764707
https://blog.bookly.com/creative-writing-prompts/page/4/	blog_post_url	252.0	21.0	8.333333333333332
https://blog.bookly.com/creative-writing-prompts/contests/	blog_post_url	672.0	56.0	8.333333333333332
https://blog.bookly.com/character-development-exercises/	blog_post_url	3822.0	308.0	8.058608058608058
https://blog.bookly.com/writing-contests//	blog_post_url	4298.0	343.0	7.980456026058631
https://blog.bookly.com/ingramspark/	blog_post_url	1897.0	147.0	7.7490774907749085
https://blog.bookly.com/how-to-submit-a-book-proposal/	blog_post_url	826.0	63.0	7.627118644067797
https://blog.bookly.com/creative-writing-prompts/contests/45/	blog_post_url	742.0	56.0	7.547169811320755
https://blog.bookly.com/learning/courses/	blog_post_url	938.0	70.0	7.462686567164178
https://blog.bookly.com/author-bio/	blog_post_url	11907.0	882.0	7.4074074074074066
https://blog.bookly.com/amazon-ads-for-authors-case-studies/	blog_post_url	1050.0	77.0	7.333333333333333
https://blog.bookly.com/blog-to-book/	blog_post_url	287.0	21.0	7.317073170731707
https://blog.bookly.com/book-marketing-ideas/	blog_post_url	1281.0	91.0	7.103825136612022
https://blog.bookly.com/how-to-format-a-book/	blog_post_url	5992.0	392.0	6.5420560747663545
https://blog.bookly.com/creative-writing-prompts/romance/page/2/	blog_post_url	322.0	21.0	6.521739130434782
https://blog.bookly.com/character-development/	blog_post_url	11410.0	742.0	6.5030674846625764
https://blog.bookly.com/make-your-own-cookbook/	blog_post_url	3703.0	238.0	6.427221172022684
https://blog.bookly.com/writing-contests/page/2/	blog_post_url	546.0	35.0	6.41025641025641
https://blog.bookly.com/book-promotion-services//	blog_post_url	329.0	21.0	6.382978723404255
https://blog.bookly.com/how-to-get-book-reviews/	blog_post_url	1428.0	91.0	6.372549019607843
https://blog.bookly.com/ebook-distribution/	blog_post_url	1225.0	77.0	6.2857142857142865
https://blog.bookly.com/plotters-pantsers/	blog_post_url	560.0	35.0	6.25
https://blog.bookly.com/what-is-ghostwriting/	blog_post_url	343.0	21.0	6.122448979591836
https://bookly.com/discovery/blog/kindle-cloud-reader	blog_post_url	924.0	56.0	6.0606060606060606
https://blog.bookly.com/how-to-start-a-novel/	blog_post_url	581.0	35.0	6.024096385542169
https://blog.bookly.com/book-review-blogs//	blog_post_url	959.0	56.0	5.839416058394161
https://blog.bookly.com/facebook-ads-for-authors-mark-dawson-interview/	blog_post_url	364.0	21.0	5.769230769230769
https://blog.bookly.com/learning/courses/writing/how-to-write-romance/	blog_post_url	364.0	21.0	5.769230769230769
https://blog.bookly.com/creative-writing-prompts/drama/	blog_post_url	1099.0	63.0	5.7324840764331215
https://blog.bookly.com/three-act-structure/	blog_post_url	8960.0	490.0	5.46875
https://blog.bookly.com/what-is-proofreading/	blog_post_url	1043.0	56.0	5.369127516778524
https://blog.bookly.com/character-name-generator/language/	blog_post_url	392.0	21.0	5.357142857142857
https://blog.bookly.com/writing-contests/	blog_post_url	30128.0	1603.0	5.320631970260223
https://blog.bookly.com/amazon-self-publishing/	blog_post_url	1064.0	56.0	5.263157894736842
https://blog.bookly.com/how-to-write-a-short-story//	blog_post_url	413.0	21.0	5.084745762711865
https://blog.bookly.com/learning/courses/writing/short-story/introduction-to-short-story-writing/	blog_post_url	413.0	21.0	5.084745762711865
https://blog.bookly.com/self-publishing-vs-traditional-publishing/	blog_post_url	833.0	42.0	5.042016806722689
https://blog.bookly.com/how-to-write-a-query-letter/	blog_post_url	7994.0	399.0	4.99124343257443
https://blog.bookly.com/how-to-choose-book-titles/	blog_post_url	1834.0	91.0	4.961832061068702
https://blog.bookly.com/plot-point/	blog_post_url	2562.0	126.0	4.918032786885246
https://blog.bookly.com/where-to-submit-short-stories/	blog_post_url	7056.0	343.0	4.861111111111112
https://blog.bookly.com/how-to-become-a-novelist/	blog_post_url	434.0	21.0	4.838709677419355
https://blog.bookly.com/line-editing/	blog_post_url	1484.0	70.0	4.716981132075472
https://blog.bookly.com/book-design/	blog_post_url	1190.0	56.0	4.705882352941177
https://blog.bookly.com/writing-fantasy/	blog_post_url	11228.0	525.0	4.675810473815462
https://blog.bookly.com/guide/nanowrimo/	blog_post_url	455.0	21.0	4.615384615384616
https://blog.bookly.com/writing-community/	blog_post_url	8393.0	378.0	4.5037531276063385
https://blog.bookly.com/how-to-write-a-book/	blog_post_url	14182.0	637.0	4.491609081934847
https://blog.bookly.com/urban-fantasy-definition/	blog_post_url	476.0	21.0	4.411764705882353
https://blog.bookly.com/how-to-write-a-romance-novel/	blog_post_url	5397.0	238.0	4.409857328145266
https://blog.bookly.com/how-to-write-a-novel/	blog_post_url	30842.0	1337.0	4.3349977303676805
https://blog.bookly.com/creative-writing-prompts/fantasy/	blog_post_url	2149.0	91.0	4.234527687296417
https://blog.bookly.com/how-to-edit-a-book/	blog_post_url	1820.0	77.0	4.230769230769231
https://blog.bookly.com/how-to-outline-a-book/	blog_post_url	16576.0	700.0	4.222972972972973
https://blog.bookly.com/heros-journey//	blog_post_url	504.0	21.0	4.166666666666666
https://blog.bookly.com/book-cover-makers/	blog_post_url	3920.0	161.0	4.107142857142857
https://blog.bookly.com/how-to-copyright-a-book/	blog_post_url	6692.0	266.0	3.9748953974895396
https://blog.bookly.com/book-cover-design/	blog_post_url	6916.0	273.0	3.9473684210526314
https://blog.bookly.com/book-description/	blog_post_url	2093.0	77.0	3.678929765886288
https://blog.bookly.com/outline-a-memoir/	blog_post_url	1533.0	56.0	3.65296803652968
https://blog.bookly.com/kindle-direct-publishing/	blog_post_url	1533.0	56.0	3.65296803652968
https://blog.bookly.com/author-media-kit-template/	blog_post_url	959.0	35.0	3.64963503649635
https://blog.bookly.com/find-literary-agents/	blog_post_url	6986.0	252.0	3.6072144288577155
https://blog.bookly.com/vellum-software/	blog_post_url	1554.0	56.0	3.6036036036036037
https://blog.bookly.com/learning/	blog_post_url	973.0	35.0	3.597122302158273
https://blog.bookly.com/best-self-publishing-companies/	blog_post_url	11655.0	413.0	3.543543543543543
https://blog.bookly.com/creative-writing-prompts/general/	blog_post_url	602.0	21.0	3.488372093023256
https://blog.bookly.com/character-arc/	blog_post_url	6034.0	203.0	3.3642691415313224
https://blog.bookly.com/writing-tips/	blog_post_url	2310.0	77.0	3.3333333333333335
https://blog.bookly.com/what-is-flash-fiction/	blog_post_url	4837.0	161.0	3.3285094066570187
https://blog.bookly.com/bookbaby/	blog_post_url	1281.0	42.0	3.278688524590164
https://blog.bookly.com/creative-writing-prompts/historical-fiction/	blog_post_url	651.0	21.0	3.225806451612903
https://blog.bookly.com/book-promotion-services/	blog_post_url	2394.0	77.0	3.216374269005848
https://blog.bookly.com/narrative-arc/	blog_post_url	7504.0	238.0	3.171641791044776
https://blog.bookly.com/snowflake-method/	blog_post_url	2219.0	70.0	3.1545741324921135
https://blog.bookly.com/scrivener-3/	blog_post_url	1785.0	56.0	3.1372549019607843
https://blog.bookly.com/back-of-book-cover/	blog_post_url	3479.0	105.0	3.0181086519114686
https://blog.bookly.com/pacing-in-writing/	blog_post_url	1393.0	42.0	3.015075376884422
https://blog.bookly.com/how-to-start-a-publishing-company/	blog_post_url	6006.0	175.0	2.9137529137529135
https://blog.bookly.com/about-the-author-examples/	blog_post_url	8792.0	252.0	2.8662420382165608
https://blog.bookly.com/steps-for-putting-together-a-great-anthology/	blog_post_url	742.0	21.0	2.8301886792452833
https://blog.bookly.com/plot-generator/drama/	blog_post_url	2240.0	63.0	2.8125
https://blog.bookly.com/freelancer/how-to-become-a-ghostwriter/	blog_post_url	1498.0	42.0	2.803738317757009
https://blog.bookly.com/binge-watch-writer-streaming-tv/	blog_post_url	756.0	21.0	2.7777777777777777
https://blog.bookly.com/book-cover-ideas/	blog_post_url	4081.0	112.0	2.7444253859348198
https://blog.bookly.com/booktube-channels/	blog_post_url	777.0	21.0	2.7027027027027026
https://blog.bookly.com/createspace/	blog_post_url	4935.0	133.0	2.6950354609929077
https://blog.bookly.com/how-to-write-dialogue/	blog_post_url	6755.0	182.0	2.6943005181347153
https://blog.bookly.com/dynamic-character/	blog_post_url	1316.0	35.0	2.6595744680851063
https://blog.bookly.com/rhetorical-devices//	blog_post_url	798.0	21.0	2.631578947368421
https://blog.bookly.com/freelancer/how-to-become-a-book-cover-designer/	blog_post_url	1624.0	42.0	2.586206896551724
https://blog.bookly.com/best-writing-websites/	blog_post_url	2170.0	56.0	2.5806451612903225
https://blog.bookly.com/what-is-the-theme-of-a-book/	blog_post_url	4389.0	112.0	2.5518341307814993
https://blog.bookly.com/book-illustration-examples/	blog_post_url	833.0	21.0	2.5210084033613445
https://blog.bookly.com/how-to-write-a-childrens-picture-book/	blog_post_url	1694.0	42.0	2.479338842975207
https://blog.bookly.com/how-to-get-an-isbn/	blog_post_url	6545.0	161.0	2.4598930481283423
https://blog.bookly.com/list-of-print-book-distributors/	blog_post_url	1708.0	42.0	2.459016393442623
https://blog.bookly.com/character-name-generator/archetype/mentor/	blog_post_url	1715.0	42.0	2.4489795918367347
https://blog.bookly.com/childrens-book-illustrators/	blog_post_url	5341.0	126.0	2.3591087811271296
https://blog.bookly.com/critique-circle/	blog_post_url	896.0	21.0	2.34375
https://blog.bookly.com/how-to-write-a-short-story/	blog_post_url	34552.0	798.0	2.3095623987034037
https://blog.bookly.com/lulu-publishing/	blog_post_url	1834.0	42.0	2.2900763358778624
https://blog.bookly.com/print-on-demand-books/	blog_post_url	8330.0	182.0	2.1848739495798317
https://blog.bookly.com/novel-writing-software/	blog_post_url	12691.0	273.0	2.151130722559294
https://blog.bookly.com/character-motivation/	blog_post_url	2639.0	56.0	2.122015915119363
https://blog.bookly.com/how-many-words-in-a-novel/	blog_post_url	14875.0	315.0	2.1176470588235294
https://blog.bookly.com/what-is-typesetting/	blog_post_url	4298.0	91.0	2.1172638436482085
https://blog.bookly.com/how-to-promote-your-book/	blog_post_url	994.0	21.0	2.112676056338028
https://blog.bookly.com/author-websites/	blog_post_url	7847.0	161.0	2.0517395182872438
https://blog.bookly.com/largest-book-publishers/	blog_post_url	36323.0	742.0	2.0427828097899403
https://blog.bookly.com/pen-name-generator//	blog_post_url	23716.0	483.0	2.036599763872491
https://blog.bookly.com/book-title-generator/romance/	blog_post_url	54040.0	1099.0	2.033678756476684
https://blog.bookly.com/character-name-generator/archetype/sidekick/	blog_post_url	1736.0	35.0	2.0161290322580645
https://blog.bookly.com/independent-publishers/	blog_post_url	2793.0	56.0	2.0050125313283207
https://blog.bookly.com/how-to-self-publish-a-book/	blog_post_url	16527.0	329.0	1.9906819144430326
https://blog.bookly.com/book-title-generator/fantasy/	blog_post_url	45997.0	903.0	1.963171511185512
https://blog.bookly.com/book-title-generator/mystery/	blog_post_url	18718.0	357.0	1.9072550486163051
https://blog.bookly.com/punctuating-dialogue/	blog_post_url	2261.0	42.0	1.8575851393188854
https://blog.bookly.com/hemingway-app-review/	blog_post_url	2296.0	42.0	1.8292682926829267
https://blog.bookly.com/how-to-write-a-thriller/	blog_post_url	6895.0	126.0	1.8274111675126905
https://blog.bookly.com/writing-exercises/	blog_post_url	4228.0	77.0	1.8211920529801324
https://blog.bookly.com/characters-mannerisms/	blog_post_url	8281.0	147.0	1.7751479289940828
https://blog.bookly.com/kdp-select/	blog_post_url	5922.0	105.0	1.773049645390071
https://blog.bookly.com/how-to-write-a-childrens-book/	blog_post_url	8372.0	147.0	1.7558528428093645
https://blog.bookly.com/write-blurb-novel/	blog_post_url	9191.0	161.0	1.7517136329017517
https://blog.bookly.com/choosing-ghostwriter-step-by-step/	blog_post_url	2401.0	42.0	1.749271137026239
https://blog.bookly.com/how-to-get-your-book-published/	blog_post_url	10535.0	182.0	1.7275747508305648
https://blog.bookly.com/creative-writing-prompts/	blog_post_url	64225.0	1099.0	1.7111716621253406
https://blog.bookly.com/how-to-publish-a-childrens-book/	blog_post_url	27447.0	469.0	1.7087477684264218
https://blog.bookly.com/how-to-write-a-poem/	blog_post_url	2478.0	42.0	1.694915254237288
https://blog.bookly.com/dan-harmon-story-circle/	blog_post_url	21098.0	343.0	1.6257465162574651
https://blog.bookly.com/how-long-does-it-take-to-write-a-book/	blog_post_url	3479.0	56.0	1.6096579476861168
https://blog.bookly.com/picture-book-query-letter/	blog_post_url	2177.0	35.0	1.607717041800643
https://blog.bookly.com/how-to-start-a-story/	blog_post_url	10052.0	161.0	1.6016713091922006
https://blog.bookly.com/writing-apps/	blog_post_url	10255.0	161.0	1.5699658703071673
https://blog.bookly.com/character-descriptions/	blog_post_url	6699.0	105.0	1.5673981191222568
https://blog.bookly.com/book-cover-dimensions/	blog_post_url	5810.0	91.0	1.566265060240964
https://blog.bookly.com/book-title-generator/science-fiction/	blog_post_url	17437.0	273.0	1.5656362906463268
https://blog.bookly.com/romance-subgenres/	blog_post_url	2723.0	42.0	1.5424164524421593
https://blog.bookly.com/character-name-generator/mythology/celtic-mythology/	blog_post_url	1365.0	21.0	1.5384615384615385
https://blog.bookly.com/how-to-come-up-with-a-character-name/	blog_post_url	6230.0	91.0	1.4606741573033708
https://blog.bookly.com/book-title-generator/crime/	blog_post_url	21721.0	315.0	1.4502094747019014
https://bookly.com/discovery/blog/modern-fairy-tales	blog_post_url	1498.0	21.0	1.4018691588785046
https://blog.bookly.com/what-is-a-motif/	blog_post_url	6594.0	91.0	1.3800424628450108
https://blog.bookly.com/literary-devices//	blog_post_url	15848.0	217.0	1.3692579505300353
https://blog.bookly.com/character-name-generator/mythology/japanese-mythology/	blog_post_url	3136.0	42.0	1.3392857142857142
https://blog.bookly.com/how-to-write-a-horror-story/	blog_post_url	12152.0	161.0	1.3248847926267282
https://blog.bookly.com/flat-character/	blog_post_url	1589.0	21.0	1.3215859030837005
https://blog.bookly.com/what-is-foreshadowing/	blog_post_url	1624.0	21.0	1.293103448275862
https://blog.bookly.com/purple-prose/	blog_post_url	1624.0	21.0	1.293103448275862
https://blog.bookly.com/freelancer/copyediting-certificates/	blog_post_url	3262.0	42.0	1.2875536480686696
https://blog.bookly.com/make-a-book/	blog_post_url	3283.0	42.0	1.279317697228145
https://blog.bookly.com/heros-journey/	blog_post_url	30723.0	385.0	1.2531328320802004
https://blog.bookly.com/what-is-a-preface/	blog_post_url	5649.0	70.0	1.2391573729863694
https://blog.bookly.com/scams-and-publishing-companies-to-avoid/	blog_post_url	10318.0	126.0	1.2211668928086838
https://blog.bookly.com/types-of-editing/	blog_post_url	4620.0	56.0	1.2121212121212122
https://blog.bookly.com/types-of-conflict-in-fiction/	blog_post_url	4641.0	56.0	1.206636500754148
https://bookly.com/discovery/blog/best-flash-fiction	blog_post_url	1757.0	21.0	1.1952191235059761
https://blog.bookly.com/writing-young-adult/	blog_post_url	2975.0	35.0	1.1764705882352942
https://blog.bookly.com/list-forceful-verbs/	blog_post_url	4760.0	56.0	1.1764705882352942
https://blog.bookly.com/rhetorical-devices/	blog_post_url	29491.0	343.0	1.1630666983147402
https://blog.bookly.com/book-title-generator/	blog_post_url	73444.0	854.0	1.1627906976744187
https://blog.bookly.com/freelancer/how-to-start-an-editing-business/	blog_post_url	1806.0	21.0	1.1627906976744187
https://blog.bookly.com/plot-generator/fantasy/	blog_post_url	4823.0	56.0	1.1611030478955007
https://blog.bookly.com/book-review-blogs/	blog_post_url	4872.0	56.0	1.1494252873563218
https://blog.bookly.com/write-a-comic-book-rachel-gluckstern/	blog_post_url	1841.0	21.0	1.1406844106463878
https://blog.bookly.com/character-name-generator/language/welsh/	blog_post_url	1862.0	21.0	1.1278195488721803
https://blog.bookly.com/romance-tropes/	blog_post_url	6251.0	70.0	1.1198208286674132
https://blog.bookly.com/extended-metaphors/	blog_post_url	1897.0	21.0	1.107011070110701
https://bookly.com/discovery/blog/best-books-to-read-in-a-lifetime	blog_post_url	18494.0	203.0	1.097653292959879
https://blog.bookly.com/how-to-write-a-memoir/	blog_post_url	1988.0	21.0	1.056338028169014
https://blog.bookly.com/creative-writing-prompts/mystery/	blog_post_url	2002.0	21.0	1.048951048951049
https://bookly.com/discovery/blog/best-novels-of-the-21st-century	blog_post_url	3339.0	35.0	1.0482180293501049
https://bookly.com/discovery/blog/mark-twain-books	blog_post_url	2009.0	21.0	1.0452961672473868
https://blog.bookly.com/parts-of-a-book/	blog_post_url	5740.0	56.0	0.975609756097561
https://blog.bookly.com/how-long-should-a-chapter-be/	blog_post_url	13048.0	126.0	0.9656652360515022
https://blog.bookly.com/amazon-self-publishing-royalties/	blog_post_url	4382.0	42.0	0.9584664536741214
https://blog.bookly.com/freelancer/how-to-become-a-childrens-book-illustrator/	blog_post_url	2205.0	21.0	0.9523809523809524
https://blog.bookly.com/cost-to-self-publish-a-book/	blog_post_url	15064.0	140.0	0.929368029739777
https://blog.bookly.com/metaphor-examples/	blog_post_url	34664.0	322.0	0.9289176090468497
https://blog.bookly.com/what-is-a-prologue/	blog_post_url	3773.0	35.0	0.927643784786642
https://blog.bookly.com/12-common-character-archetypes-every-writer-should-already-know/	blog_post_url	17668.0	161.0	0.9112519809825673
https://blog.bookly.com/creative-writing-prompts/comedy/	blog_post_url	2310.0	21.0	0.9090909090909091
https://bookly.com/discovery/blog/charles-dickens-books	blog_post_url	2310.0	21.0	0.9090909090909091
https://blog.bookly.com/writing-quotes/	blog_post_url	6188.0	56.0	0.904977375565611
https://blog.bookly.com/creative-writing-prompts/thriller/	blog_post_url	2324.0	21.0	0.9036144578313252
https://blog.bookly.com/plot-twist-ideas-examples/	blog_post_url	27867.0	238.0	0.8540567696558653
https://blog.bookly.com/types-of-characters/	blog_post_url	21658.0	182.0	0.8403361344537815
https://blog.bookly.com/character-name-generator/archetype/villain/	blog_post_url	10955.0	91.0	0.8306709265175719
https://blog.bookly.com/writers-block/	blog_post_url	9359.0	77.0	0.8227374719521316
https://blog.bookly.com/other-words-for-said/	blog_post_url	11172.0	91.0	0.8145363408521302
https://blog.bookly.com/plot-generator/	blog_post_url	11270.0	91.0	0.8074534161490683
https://blog.bookly.com/freelancer/proofreading-rates/	blog_post_url	5229.0	42.0	0.8032128514056224
https://blog.bookly.com/story-structure/	blog_post_url	2639.0	21.0	0.7957559681697612
https://bookly.com/discovery/blog/best-short-stories	blog_post_url	5481.0	42.0	0.7662835249042145
https://blog.bookly.com/character-name-generator/language/mandarin-chinese/	blog_post_url	16492.0	126.0	0.7640067911714771
https://blog.bookly.com/show-dont-tell/	blog_post_url	16786.0	126.0	0.7506255212677231
https://bookly.com/discovery/blog/11-interesting-short-stories-that-could-change-the-way-you-think	blog_post_url	7462.0	56.0	0.7504690431519699
https://blog.bookly.com/writing-tools/	blog_post_url	7560.0	56.0	0.7407407407407408
https://blog.bookly.com/character-name-generator/language/italian/	blog_post_url	5684.0	42.0	0.7389162561576355
https://bookly.com/discovery/blog/best-ya-fantasy-books	blog_post_url	2849.0	21.0	0.7371007371007371
https://blog.bookly.com/beta-readers/	blog_post_url	4795.0	35.0	0.7299270072992701
https://blog.bookly.com/plot-generator/romance/	blog_post_url	2891.0	21.0	0.7263922518159807
https://blog.bookly.com/standard-book-sizes/	blog_post_url	27664.0	196.0	0.708502024291498
https://blog.bookly.com/anti-hero/	blog_post_url	5019.0	35.0	0.697350069735007
https://blog.bookly.com/character-name-generator/language/korean/	blog_post_url	29211.0	203.0	0.6949436855978912
https://bookly.com/discovery/blog/book-review-examples	blog_post_url	29225.0	203.0	0.6946107784431138
https://blog.bookly.com/fantasy-tropes/	blog_post_url	10619.0	70.0	0.6591957811470006
https://blog.bookly.com/guide/point-of-view/first-person-pov/	blog_post_url	3220.0	21.0	0.6521739130434783
https://blog.bookly.com/what-is-plot/	blog_post_url	3339.0	21.0	0.628930817610063
https://blog.bookly.com/how-to-publish-a-book/	blog_post_url	5593.0	35.0	0.6257822277847309
https://blog.bookly.com/literary-devices/	blog_post_url	87514.0	546.0	0.6239001759718446
https://blog.bookly.com/pen-name-generator/	blog_post_url	3549.0	21.0	0.591715976331361
https://blog.bookly.com/character-name-generator/fantasy/elf/	blog_post_url	19439.0	112.0	0.5761613251710479
https://blog.bookly.com/freelancer/how-to-set-your-freelance-editing-rates/	blog_post_url	7427.0	42.0	0.5655042412818096
https://blog.bookly.com/character-name-generator/language/turkish/	blog_post_url	3717.0	21.0	0.5649717514124294
https://blog.bookly.com/character-name-generator/fantasy/human/	blog_post_url	20468.0	112.0	0.5471956224350205
https://blog.bookly.com/character-name-generator/medieval/old-english/	blog_post_url	18165.0	98.0	0.5394990366088632
https://blog.bookly.com/character-name-generator/medieval/old-celtic/	blog_post_url	7798.0	42.0	0.5385996409335727
https://blog.bookly.com/character-name-generator/language/english/	blog_post_url	51359.0	266.0	0.5179228567534414
https://blog.bookly.com/character-name-generator/language/japanese/	blog_post_url	98168.0	497.0	0.5062749572162007
https://blog.bookly.com/protagonist-and-antagonist/	blog_post_url	4256.0	21.0	0.4934210526315789
https://blog.bookly.com/character-name-generator/language/arabic/	blog_post_url	11585.0	56.0	0.4833836858006042
https://blog.bookly.com/character-name-generator/	blog_post_url	30450.0	147.0	0.4827586206896552
https://blog.bookly.com/character-quirks/	blog_post_url	21861.0	105.0	0.48030739673390976
https://blog.bookly.com/character-name-generator/language/french/	blog_post_url	7434.0	35.0	0.4708097928436911
https://blog.bookly.com/unreliable-narrator/	blog_post_url	4641.0	21.0	0.4524886877828055
https://bookly.com/discovery/blog/kindle-unlimited	blog_post_url	10129.0	42.0	0.414651002073255
https://blog.bookly.com/how-to-write-a-synopsis/	blog_post_url	13713.0	56.0	0.40837161817253703
https://blog.bookly.com/guide/point-of-view/	blog_post_url	8834.0	35.0	0.39619651347068147
https://blog.bookly.com/epub-vs-mobi-vs-pdf/	blog_post_url	8883.0	35.0	0.3940110323089046
https://blog.bookly.com/freelancer/how-to-become-an-editor-guide/	blog_post_url	8967.0	35.0	0.39032006245121
https://bookly.com/discovery/blog/best-dean-koontz-books	blog_post_url	6062.0	21.0	0.3464203233256351
https://bookly.com/discovery/blog/books-like-harry-potter	blog_post_url	6076.0	21.0	0.3456221198156682
https://bookly.com/discovery/blog/young-adult-books	blog_post_url	31675.0	105.0	0.3314917127071823
https://bookly.com/discovery/blog/star-wars-books	blog_post_url	7364.0	21.0	0.28517110266159695
https://blog.bookly.com/copyright-page/	blog_post_url	7406.0	21.0	0.28355387523629494
https://blog.bookly.com/character-name-generator/language/russian/	blog_post_url	7427.0	21.0	0.2827521206409048
https://blog.bookly.com/what-is-irony/	blog_post_url	20510.0	56.0	0.27303754266211605
https://bookly.com/discovery/blog/best-romance-authors	blog_post_url	8568.0	21.0	0.24509803921568626
https://bookly.com/discovery/blog/ernest-hemingway-books	blog_post_url	9513.0	21.0	0.22075055187637968
https://blog.bookly.com/character-name-generator/medieval/old-norse/	blog_post_url	26313.0	56.0	0.2128225591912743
https://blog.bookly.com/character-name-generator/mythology/greek-mythology/	blog_post_url	13524.0	21.0	0.15527950310559005
https://bookly.com/discovery/blog/best-suspense-books	blog_post_url	25319.0	21.0	0.08294166436273154
https://bookly.com/discovery/blog/best-biographies	blog_post_url	31626.0	21.0	0.06640106241699867
https://blog.bookly.com/surprises-academic-self-publishing/	blog_post_url	56.0	0.0	0.0
https://blog.bookly.com/self-publishing-checklist/	blog_post_url	182.0	0.0	0.0
https://blog.bookly.com/a-century-of-fantasy/	blog_post_url	308.0	0.0	0.0
https://blog.bookly.com/live/reaching-out-to-reviewers/	blog_post_url	21.0	0.0	0.0
https://blog.bookly.com/live/picture-books-brooke-vitale/	blog_post_url	56.0	0.0	0.0
https://blog.bookly.com/live/personalizing-your-query-letters/	blog_post_url	91.0	0.0	0.0
https://blog.bookly.com/self-published-novel-into-brick-and-mortar-store/	blog_post_url	105.0	0.0	0.0
https://blog.bookly.com/story-structure//	blog_post_url	21.0	0.0	0.0
https://blog.bookly.com/swearing-book-title/	blog_post_url	91.0	0.0	0.0
https://blog.bookly.com/self-publishing-tips-adam-croft/	blog_post_url	21.0	0.0	0.0
https://blog.bookly.com/live/mistakes-in-writing-mystery/	blog_post_url	161.0	0.0	0.0
https://blog.bookly.com/live/create-regular-writing-habit/	blog_post_url	56.0	0.0	0.0
https://blog.bookly.com/show-dont-tell-write-from-a-character-viewpoint/	blog_post_url	21.0	0.0	0.0
https://blog.bookly.com/live/kobo-publishing-webinar/	blog_post_url	105.0	0.0	0.0
https://blog.bookly.com/simple-marketing-strategies-first-time-authors/	blog_post_url	21.0	0.0	0.0
https://blog.bookly.com/six-common-writing-mistakes/	blog_post_url	322.0	0.0	0.0
https://blog.bookly.com/live/how-to-avoid-the-mushy-middle-in-any-novel/	blog_post_url	35.0	0.0	0.0
https://blog.bookly.com/small-press/	blog_post_url	413.0	0.0	0.0
https://blog.bookly.com/book-title-generator//	blog_post_url	42.0	0.0	0.0
https://blog.bookly.com/standard-book-sizes//	blog_post_url	252.0	0.0	0.0
https://blog.bookly.com/sensitivity-readers//	blog_post_url	21.0	0.0	0.0
https://blog.bookly.com/live/family-recipes/	blog_post_url	56.0	0.0	0.0
https://blog.bookly.com/startups-in-publishing-ipr-license/	blog_post_url	21.0	0.0	0.0
https://blog.bookly.com/live/get-amazing-endorsements-book/	blog_post_url	378.0	0.0	0.0
https://blog.bookly.com/live/first-line-frenzy/	blog_post_url	105.0	0.0	0.0
https://blog.bookly.com/sensitivity-readers/	blog_post_url	2037.0	0.0	0.0
https://blog.bookly.com/live/live-copy-edit-1/	blog_post_url	56.0	0.0	0.0
https://blog.bookly.com/live/how-to-write-multiple-povs-the-game-of-thrones-way/	blog_post_url	378.0	0.0	0.0
https://blog.bookly.com/startups-in-publishing-libiro-indie-only-ebookstore/	blog_post_url	35.0	0.0	0.0
https://blog.bookly.com/amazon-author-central/	blog_post_url	273.0	0.0	0.0
https://blog.bookly.com/romance-novel-subgenres/	blog_post_url	21.0	0.0	0.0
https://blog.bookly.com/live/refining-voice/	blog_post_url	35.0	0.0	0.0
https://blog.bookly.com/plot-generator/sci-fi/	blog_post_url	2233.0	0.0	0.0
https://blog.bookly.com/print-on-demand-books//	blog_post_url	42.0	0.0	0.0
https://blog.bookly.com/metaphor-examples//	blog_post_url	105.0	0.0	0.0
https://blog.bookly.com/print-and-distribute-your-book-with-blurb-and-bookly/	blog_post_url	35.0	0.0	0.0
https://blog.bookly.com/poetry-submissions//	blog_post_url	35.0	0.0	0.0
https://blog.bookly.com/poetry-submissions/	blog_post_url	329.0	0.0	0.0
https://blog.bookly.com/michael-doane-self-publishing-budget/	blog_post_url	21.0	0.0	0.0
https://blog.bookly.com/podcast/season-one/	blog_post_url	21.0	0.0	0.0
https://blog.bookly.com/about-the-author-examples//	blog_post_url	70.0	0.0	0.0
https://blog.bookly.com/monotask-your-writing/	blog_post_url	35.0	0.0	0.0
https://blog.bookly.com/agent-assisted-publishing-interviewing-robert-caskie-from-ipso-books/	blog_post_url	35.0	0.0	0.0
https://blog.bookly.com/plot-point//	blog_post_url	21.0	0.0	0.0
https://blog.bookly.com/book-title-generator/romance//	blog_post_url	35.0	0.0	0.0
https://blog.bookly.com/narrative-arc//	blog_post_url	91.0	0.0	0.0
https://blog.bookly.com/plot-generator/mystery/	blog_post_url	2506.0	0.0	0.0
https://blog.bookly.com/proofreading-marks/	blog_post_url	1295.0	0.0	0.0
https://blog.bookly.com/narrator-viewpoint-writing-craft-kristen-stieffel/	blog_post_url	308.0	0.0	0.0
https://blog.bookly.com/non-fiction-authors-indexes/	blog_post_url	91.0	0.0	0.0
https://blog.bookly.com/perfect-submission-tips-from-a-publisher/	blog_post_url	525.0	0.0	0.0
https://blog.bookly.com/perfect-book-cover-interview-designer-nuno-moreira/	blog_post_url	21.0	0.0	0.0
https://blog.bookly.com/non-fiction-query-letter/	blog_post_url	91.0	0.0	0.0
https://blog.bookly.com/passive-voice-active/	blog_post_url	616.0	0.0	0.0
https://blog.bookly.com/parts-of-a-book//	blog_post_url	56.0	0.0	0.0
https://blog.bookly.com/partnering-with-a-book-marketer/	blog_post_url	126.0	0.0	0.0
https://blog.bookly.com/book-translator/	blog_post_url	196.0	0.0	0.0
https://blog.bookly.com/outline-a-memoir//	blog_post_url	21.0	0.0	0.0
https://blog.bookly.com/bookbaby//	blog_post_url	56.0	0.0	0.0
https://blog.bookly.com/other-words-for-said//	blog_post_url	35.0	0.0	0.0
https://blog.bookly.com/nonfiction-editor/	blog_post_url	56.0	0.0	0.0
https://blog.bookly.com/print-on-demand-versus-offset/	blog_post_url	343.0	0.0	0.0
https://blog.bookly.com/protagonist-and-antagonist//	blog_post_url	161.0	0.0	0.0
https://blog.bookly.com/live/revising-a-novel-and-have-fun/	blog_post_url	21.0	0.0	0.0
https://blog.bookly.com/live/understanding-development-fiction-editing-with-aja-pollock//	blog_post_url	21.0	0.0	0.0
https://blog.bookly.com/self-publish-literary-fiction/	blog_post_url	56.0	0.0	0.0
https://blog.bookly.com/live/rewriting-book-description-bryan-cohen/	blog_post_url	21.0	0.0	0.0
https://blog.bookly.com/book-title-generator/fantasy//	blog_post_url	42.0	0.0	0.0
https://blog.bookly.com/scams-and-publishing-companies-to-avoid//	blog_post_url	252.0	0.0	0.0
https://blog.bookly.com/live/secrets-self-publishing-success-alessandra-torre/	blog_post_url	56.0	0.0	0.0
https://blog.bookly.com/live/structure-novel-caroline-leavitt/	blog_post_url	273.0	0.0	0.0
https://blog.bookly.com/romance-subgenres//	blog_post_url	21.0	0.0	0.0
https://blog.bookly.com/live/successful-price-promotions-chloe-kizer/	blog_post_url	35.0	0.0	0.0
https://blog.bookly.com/live/suspense-pitfalls/	blog_post_url	35.0	0.0	0.0
https://blog.bookly.com/live/traits-of-successful-ya-novels/	blog_post_url	70.0	0.0	0.0
https://blog.bookly.com/live/typography-cover-design-masterclass/	blog_post_url	91.0	0.0	0.0
https://blog.bookly.com/live/understanding-development-fiction-editing-with-aja-pollock/	blog_post_url	35.0	0.0	0.0
https://blog.bookly.com/romance-book-template/	blog_post_url	217.0	0.0	0.0
https://blog.bookly.com/live/writing-non-fiction/	blog_post_url	35.0	0.0	0.0
https://blog.bookly.com/booktube-channels//	blog_post_url	182.0	0.0	0.0
https://blog.bookly.com/make-a-book//	blog_post_url	42.0	0.0	0.0
https://blog.bookly.com/rethink-your-memoir-rebecca-heyman/	blog_post_url	21.0	0.0	0.0
https://blog.bookly.com/booktube-channels/page/2/	blog_post_url	56.0	0.0	0.0
https://blog.bookly.com/make-your-own-cookbook//	blog_post_url	35.0	0.0	0.0
https://blog.bookly.com/repetition-examples//	blog_post_url	91.0	0.0	0.0
https://blog.bookly.com/repetition-examples/	blog_post_url	3227.0	0.0	0.0
https://blog.bookly.com/making-my-book-available-in-print/	blog_post_url	21.0	0.0	0.0
https://blog.bookly.com/reading-comic-books-improved-writing/	blog_post_url	70.0	0.0	0.0
https://blog.bookly.com/amazon-publishing/	blog_post_url	560.0	0.0	0.0
https://blog.bookly.com/reaching-bestsellers-list-with-first-book-indie-author/	blog_post_url	35.0	0.0	0.0
https://blog.bookly.com/purple-prose//	blog_post_url	21.0	0.0	0.0
https://blog.bookly.com/amazon-book-deal/	blog_post_url	343.0	0.0	0.0
https://blog.bookly.com/punctuating-dialogue//	blog_post_url	35.0	0.0	0.0
https://blog.bookly.com/teen-author-success-story-anna-caltabiano-interview/	blog_post_url	21.0	0.0	0.0
https://blog.bookly.com/book-review-blogs/page/15/	blog_post_url	21.0	0.0	0.0
https://blog.bookly.com/the-art-of-publicity-for-the-self-publishing-author/	blog_post_url	21.0	0.0	0.0
https://bookly.com/discovery/blog/best-nonfiction-books	blog_post_url	56.0	0.0	0.0
https://bookly.com/discovery/blog/best-fantasy-books	blog_post_url	3626.0	0.0	0.0
https://bookly.com/discovery/blog/best-fantasy-series	blog_post_url	11116.0	0.0	0.0
https://bookly.com/discovery/blog/best-game-of-thrones-quotes	blog_post_url	1225.0	0.0	0.0
https://bookly.com/discovery/blog/best-graphic-novels	blog_post_url	5201.0	0.0	0.0
https://bookly.com/discovery/blog/best-horror-books	blog_post_url	3283.0	0.0	0.0
https://bookly.com/discovery/blog/best-lovecraft-books	blog_post_url	4676.0	0.0	0.0
https://bookly.com/discovery/blog/best-mystery-books	blog_post_url	4291.0	0.0	0.0
https://bookly.com/discovery/blog/best-poetry-books	blog_post_url	231.0	0.0	0.0
https://bookly.com/discovery/blog/best-dr-seuss-books	blog_post_url	1085.0	0.0	0.0
https://bookly.com/discovery/blog/best-post-apocalyptic-books	blog_post_url	5894.0	0.0	0.0
https://bookly.com/discovery/blog/best-sci-fi-audiobooks	blog_post_url	2758.0	0.0	0.0
https://bookly.com/discovery/blog/best-sci-fi-books	blog_post_url	5754.0	0.0	0.0
https://bookly.com/discovery/blog/best-self-help-books	blog_post_url	56.0	0.0	0.0
https://bookly.com/discovery/blog/best-stephen-king-books	blog_post_url	3213.0	0.0	0.0
https://bookly.com/discovery/blog/best-true-crime-books	blog_post_url	105.0	0.0	0.0
https://bookly.com/discovery/blog/best-vampire-books	blog_post_url	5306.0	0.0	0.0
https://bookly.com/discovery/blog/best-fantasy-audiobooks	blog_post_url	1281.0	0.0	0.0
https://bookly.com/discovery/blog/best-childrens-books	blog_post_url	1267.0	0.0	0.0
https://blog.bookly.com/writing-scholarships/	blog_post_url	777.0	0.0	0.0
https://blog.bookly.com/writing-young-adult//	blog_post_url	21.0	0.0	0.0
https://blog.bookly.com/writing-scholarships/page/2/	blog_post_url	70.0	0.0	0.0
https://blog.bookly.com/writing-scholarships/page/6/	blog_post_url	21.0	0.0	0.0
https://blog.bookly.com/writing-strategies/	blog_post_url	112.0	0.0	0.0
https://blog.bookly.com/book-design-in-self-publishing-the-perfect-capital/	blog_post_url	21.0	0.0	0.0
https://blog.bookly.com/writing-tips//	blog_post_url	70.0	0.0	0.0
https://blog.bookly.com/writing-tools//	blog_post_url	147.0	0.0	0.0
https://blog.bookly.com/writing-trilogy/	blog_post_url	126.0	0.0	0.0
https://blog.bookly.com/written-word-media-ad-platform-for-authors/	blog_post_url	56.0	0.0	0.0
https://bookly.com/discovery/blog/best-books-on-roman-history	blog_post_url	3934.0	0.0	0.0
https://blog.bookly.com/ya-vs-mg-fiction/	blog_post_url	210.0	0.0	0.0
https://bookly.com/discovery/blog/a-day-in-the-life-of-a-book-reviewer	blog_post_url	21.0	0.0	0.0
https://bookly.com/discovery/blog/best-adventure-books	blog_post_url	7000.0	0.0	0.0
https://bookly.com/discovery/blog/best-agatha-christie-books	blog_post_url	3052.0	0.0	0.0
https://bookly.com/discovery/blog/best-audiobooks-road-trips	blog_post_url	3647.0	0.0	0.0
https://bookly.com/discovery/blog/best-books-2019	blog_post_url	56.0	0.0	0.0
https://bookly.com/discovery/blog/best-books-of-all-time	blog_post_url	56.0	0.0	0.0
https://bookly.com/discovery/blog/best-young-adult-romance-books	blog_post_url	6405.0	0.0	0.0
https://bookly.com/discovery/blog/book-review-sites	blog_post_url	21.0	0.0	0.0
https://bookly.com/discovery/blog/books-like-game-of-thrones	blog_post_url	4228.0	0.0	0.0
https://bookly.com/discovery/blog/sea-monsters	blog_post_url	560.0	0.0	0.0
https://blog.bookly.com/book-cover-dimensions//	blog_post_url	21.0	0.0	0.0
https://bookly.com/discovery/blog/launching-your-book-on-bookly-discovery	blog_post_url	35.0	0.0	0.0
https://bookly.com/discovery/blog/magical-realism	blog_post_url	2107.0	0.0	0.0
https://bookly.com/discovery/blog/mythical-creatures	blog_post_url	17780.0	0.0	0.0
https://bookly.com/discovery/blog/netgalley-for-reviewers	blog_post_url	378.0	0.0	0.0
https://bookly.com/discovery/blog/paranormal-romance-books	blog_post_url	3066.0	0.0	0.0
https://bookly.com/discovery/blog/psychological-thrillers	blog_post_url	2023.0	0.0	0.0
https://bookly.com/discovery/blog/southern-gothic	blog_post_url	1463.0	0.0	0.0
https://bookly.com/discovery/blog/books-like-outlander	blog_post_url	3465.0	0.0	0.0
https://bookly.com/discovery/blog/steampunk-books	blog_post_url	455.0	0.0	0.0
https://bookly.com/discovery/blog/stephen-king-short-stories	blog_post_url	1498.0	0.0	0.0
https://bookly.com/discovery/blog/stranger-things-book-list	blog_post_url	1715.0	0.0	0.0
https://bookly.com/discovery/blog/the-best-horror-novels-of-2018	blog_post_url	35.0	0.0	0.0
https://bookly.com/discovery/blog/the-witcher-books	blog_post_url	308.0	0.0	0.0
https://bookly.com/discovery/blog/urban-fantasy-books	blog_post_url	3269.0	0.0	0.0
https://bookly.com/discovery/blog/world-war-ii-books-by-female-authors	blog_post_url	147.0	0.0	0.0
https://bookly.com/discovery/blog/how-to-write-a-book-review	blog_post_url	1806.0	0.0	0.0
https://bookly.com/discovery/blog/how-to-become-a-book-reviewer	blog_post_url	1407.0	0.0	0.0
https://bookly.com/discovery/blog/haruki-murakami-books	blog_post_url	3969.0	0.0	0.0
https://bookly.com/discovery/blog/harry-potter-books-in-order	blog_post_url	6461.0	0.0	0.0
https://bookly.com/discovery/blog/christmas-stories	blog_post_url	42.0	0.0	0.0
https://bookly.com/discovery/blog/contemporary-women-writers	blog_post_url	147.0	0.0	0.0
https://bookly.com/discovery/blog/cosmic-horror	blog_post_url	1386.0	0.0	0.0
https://bookly.com/discovery/blog/cozy-mysteries	blog_post_url	1624.0	0.0	0.0
https://bookly.com/discovery/blog/dragon-books	blog_post_url	2037.0	0.0	0.0
https://bookly.com/discovery/blog/dystopian-novels	blog_post_url	1498.0	0.0	0.0
https://bookly.com/discovery/blog/emily-dickinson-poems	blog_post_url	4347.0	0.0	0.0
https://bookly.com/discovery/blog/fantasy-books-for-kids	blog_post_url	3374.0	0.0	0.0
https://bookly.com/discovery/blog/fantasy-subgenres	blog_post_url	539.0	0.0	0.0
https://bookly.com/discovery/blog/free-books-online	blog_post_url	364.0	0.0	0.0
https://bookly.com/discovery/blog/free-kindle-books	blog_post_url	210.0	0.0	0.0
https://bookly.com/discovery/blog/get-paid-to-read	blog_post_url	11116.0	0.0	0.0
https://bookly.com/discovery/blog/gifts-for-book-lovers	blog_post_url	651.0	0.0	0.0
https://bookly.com/discovery/blog/grimdark-books	blog_post_url	1211.0	0.0	0.0
https://bookly.com/discovery/blog/grimdark-books/	blog_post_url	21.0	0.0	0.0
https://blog.bookly.com/writing-scholarships//	blog_post_url	91.0	0.0	0.0
https://blog.bookly.com/writing-podcasts/	blog_post_url	105.0	0.0	0.0
https://blog.bookly.com/the-lean-publisher/	blog_post_url	105.0	0.0	0.0
https://blog.bookly.com/what-is-plot//	blog_post_url	126.0	0.0	0.0
https://blog.bookly.com/what-is-an-epigraph//	blog_post_url	21.0	0.0	0.0
https://blog.bookly.com/what-is-an-epilogue/	blog_post_url	1638.0	0.0	0.0
https://blog.bookly.com/what-is-an-epilogue//	blog_post_url	42.0	0.0	0.0
https://blog.bookly.com/live/choosing-perfect-comp-titles/	blog_post_url	525.0	0.0	0.0
https://blog.bookly.com/what-is-flash-fiction//	blog_post_url	70.0	0.0	0.0
https://blog.bookly.com/book-review-blogs/page/10/	blog_post_url	21.0	0.0	0.0
https://blog.bookly.com/what-is-irony//	blog_post_url	371.0	0.0	0.0
https://blog.bookly.com/what-is-proofreading//	blog_post_url	35.0	0.0	0.0
https://blog.bookly.com/what-is-a-prologue//	blog_post_url	35.0	0.0	0.0
https://blog.bookly.com/what-is-suspense/	blog_post_url	1785.0	0.0	0.0
https://blog.bookly.com/what-is-suspense//	blog_post_url	21.0	0.0	0.0
https://blog.bookly.com/what-is-the-theme-of-a-book//	blog_post_url	70.0	0.0	0.0
https://blog.bookly.com/what-is-typesetting//	blog_post_url	42.0	0.0	0.0
https://blog.bookly.com/what-to-expect-from-your-book-cover-designer/	blog_post_url	91.0	0.0	0.0
https://blog.bookly.com/whats-wrong-with-nanowrimo/	blog_post_url	35.0	0.0	0.0
https://blog.bookly.com/book-publicity-plan/	blog_post_url	525.0	0.0	0.0
https://blog.bookly.com/what-is-an-epigraph/	blog_post_url	637.0	0.0	0.0
https://blog.bookly.com/what-is-a-motif//	blog_post_url	126.0	0.0	0.0
https://blog.bookly.com/12-common-character-archetypes-every-writer-should-already-know//	blog_post_url	77.0	0.0	0.0
https://blog.bookly.com/types-of-editing//	blog_post_url	112.0	0.0	0.0
https://blog.bookly.com/book-review-blogs/page/3//	blog_post_url	21.0	0.0	0.0
https://blog.bookly.com/three-act-structure//	blog_post_url	56.0	0.0	0.0
https://blog.bookly.com/translating-books/	blog_post_url	1596.0	0.0	0.0
https://blog.bookly.com/tucker-max-publishing-interview/	blog_post_url	56.0	0.0	0.0
https://blog.bookly.com/twitter-pitch-party/	blog_post_url	126.0	0.0	0.0
https://blog.bookly.com/types-of-characters//	blog_post_url	70.0	0.0	0.0
https://blog.bookly.com/types-of-conflict-in-fiction//	blog_post_url	21.0	0.0	0.0
https://blog.bookly.com/types-of-travel-writing/	blog_post_url	2058.0	0.0	0.0
https://blog.bookly.com/what-is-a-denouement/	blog_post_url	378.0	0.0	0.0
https://blog.bookly.com/types-of-travel-writing//	blog_post_url	21.0	0.0	0.0
https://blog.bookly.com/upmarket-fiction/	blog_post_url	938.0	0.0	0.0
https://blog.bookly.com/book-review-blogs/page/2//	blog_post_url	21.0	0.0	0.0
https://blog.bookly.com/using-twitter-author/	blog_post_url	217.0	0.0	0.0
https://blog.bookly.com/book-review-blogs/page/2/	blog_post_url	56.0	0.0	0.0
https://blog.bookly.com/vellum-software//	blog_post_url	35.0	0.0	0.0
https://blog.bookly.com/wattpad-wattys-bookly-success-story/	blog_post_url	1484.0	0.0	0.0
https://blog.bookly.com/where-to-submit-short-stories//	blog_post_url	126.0	0.0	0.0
https://blog.bookly.com/9-surprising-ways-writers-can-supplement-their-writing-income/	blog_post_url	21.0	0.0	0.0
https://blog.bookly.com/book-promotion-services/page/5/	blog_post_url	42.0	0.0	0.0
https://blog.bookly.com/writing-exercises/plot-development/page/3/	blog_post_url	35.0	0.0	0.0
https://blog.bookly.com/writing-exercises/page/17/	blog_post_url	21.0	0.0	0.0
https://blog.bookly.com/writing-exercises/page/2/	blog_post_url	161.0	0.0	0.0
https://blog.bookly.com/writing-exercises/page/3/	blog_post_url	147.0	0.0	0.0
https://blog.bookly.com/writing-exercises/page/5/	blog_post_url	21.0	0.0	0.0
https://blog.bookly.com/writing-exercises/page/7/	blog_post_url	21.0	0.0	0.0
https://blog.bookly.com/book-designers-vs-book-design-templates/	blog_post_url	35.0	0.0	0.0
https://blog.bookly.com/writing-exercises/plot-development/page/2/	blog_post_url	21.0	0.0	0.0
https://blog.bookly.com/writing-exercises/setting/	blog_post_url	161.0	0.0	0.0
https://blog.bookly.com/book-promotion-services/page/4/	blog_post_url	21.0	0.0	0.0
https://blog.bookly.com/writing-exercises/setting/page/2/	blog_post_url	21.0	0.0	0.0
https://blog.bookly.com/writing-exercises/writer-s-block/	blog_post_url	420.0	0.0	0.0
https://blog.bookly.com/writing-exercises/writer-s-block/page/2/	blog_post_url	21.0	0.0	0.0
https://blog.bookly.com/writing-exercises/writer-s-block/page/3/	blog_post_url	21.0	0.0	0.0
https://blog.bookly.com/writing-exercises/writer-s-block/page/5/	blog_post_url	21.0	0.0	0.0
https://blog.bookly.com/book-design//	blog_post_url	21.0	0.0	0.0
https://blog.bookly.com/writing-fantasy//	blog_post_url	126.0	0.0	0.0
https://blog.bookly.com/writing-exercises/page/16/	blog_post_url	21.0	0.0	0.0
https://blog.bookly.com/3-steps-reaching-target-audience/	blog_post_url	1246.0	0.0	0.0
https://blog.bookly.com/writing-exercises/dialogue/page/2/	blog_post_url	35.0	0.0	0.0
https://blog.bookly.com/writing-exercises/dialogue/	blog_post_url	175.0	0.0	0.0
https://blog.bookly.com/worldbuilding-historical-fiction/	blog_post_url	91.0	0.0	0.0
https://blog.bookly.com/write-blurb-novel//	blog_post_url	98.0	0.0	0.0
https://blog.bookly.com/write-books-for-film/	blog_post_url	455.0	0.0	0.0
https://blog.bookly.com/writers-block//	blog_post_url	182.0	0.0	0.0
https://blog.bookly.com/writing-about-death/	blog_post_url	56.0	0.0	0.0
https://blog.bookly.com/writing-apps//	blog_post_url	294.0	0.0	0.0
https://blog.bookly.com/book-promotion-services/page/3/	blog_post_url	21.0	0.0	0.0
https://blog.bookly.com/book-promotion-services/page/2/	blog_post_url	126.0	0.0	0.0
https://blog.bookly.com/book-marketing-mistakes/	blog_post_url	196.0	0.0	0.0
https://blog.bookly.com/writing-contests/page/2//	blog_post_url	35.0	0.0	0.0
https://blog.bookly.com/writing-contests/page/3/	blog_post_url	175.0	0.0	0.0
https://blog.bookly.com/6-mistake-when-self-editing/	blog_post_url	91.0	0.0	0.0
https://blog.bookly.com/writing-exercises//	blog_post_url	42.0	0.0	0.0
https://blog.bookly.com/writing-exercises/character-development/	blog_post_url	175.0	0.0	0.0
https://blog.bookly.com/writing-exercises/character-development/page/2/	blog_post_url	21.0	0.0	0.0
https://blog.bookly.com/live/cover-critique-micaela-alcaino/	blog_post_url	21.0	0.0	0.0
https://blog.bookly.com/booktube-channels/page/6/	blog_post_url	21.0	0.0	0.0
https://blog.bookly.com/live/anti-heroes-webinar/	blog_post_url	182.0	0.0	0.0
https://blog.bookly.com/day-jobs-of-bestselling-authors/	blog_post_url	21.0	0.0	0.0
https://blog.bookly.com/creative-writing-prompts/page/11/	blog_post_url	21.0	0.0	0.0
https://blog.bookly.com/creative-writing-prompts/page/2/	blog_post_url	3304.0	0.0	0.0
https://blog.bookly.com/creative-writing-prompts/page/3/	blog_post_url	686.0	0.0	0.0
https://blog.bookly.com/creative-writing-prompts/page/38/	blog_post_url	56.0	0.0	0.0
https://blog.bookly.com/creative-writing-prompts/page/39/	blog_post_url	161.0	0.0	0.0
https://blog.bookly.com/character-name-generator/language/japanese//	blog_post_url	147.0	0.0	0.0
https://blog.bookly.com/creative-writing-prompts/page/40/	blog_post_url	161.0	0.0	0.0
https://blog.bookly.com/creative-writing-prompts/page/5/	blog_post_url	77.0	0.0	0.0
https://blog.bookly.com/creative-writing-prompts/page/6/	blog_post_url	56.0	0.0	0.0
https://blog.bookly.com/creative-writing-prompts/page/8/	blog_post_url	42.0	0.0	0.0
https://blog.bookly.com/creative-writing-prompts/page/9/	blog_post_url	21.0	0.0	0.0
https://blog.bookly.com/creative-writing-prompts/romance/	blog_post_url	3738.0	0.0	0.0
https://blog.bookly.com/creative-writing-prompts/romance/page/3/	blog_post_url	105.0	0.0	0.0
https://blog.bookly.com/creative-writing-prompts/romance/page/4/	blog_post_url	105.0	0.0	0.0
https://blog.bookly.com/creative-writing-prompts/thriller/page/2/	blog_post_url	182.0	0.0	0.0
https://blog.bookly.com/critique-circle//	blog_post_url	56.0	0.0	0.0
https://blog.bookly.com/dan-harmon-story-circle//	blog_post_url	91.0	0.0	0.0
https://blog.bookly.com/creative-writing-prompts/mystery/page/3/	blog_post_url	112.0	0.0	0.0
https://blog.bookly.com/creative-writing-prompts/holiday/	blog_post_url	91.0	0.0	0.0
https://blog.bookly.com/creative-writing-prompts/historical-fiction/page/3/	blog_post_url	35.0	0.0	0.0
https://blog.bookly.com/creative-writing-prompts/fantasy/page/3/	blog_post_url	35.0	0.0	0.0
https://blog.bookly.com/character-name-generator/language/russian//	blog_post_url	77.0	0.0	0.0
https://blog.bookly.com/creative-writing-prompts/contests/46/	blog_post_url	273.0	0.0	0.0
https://blog.bookly.com/creative-writing-prompts/creative-nonfiction/	blog_post_url	476.0	0.0	0.0
https://blog.bookly.com/creative-writing-prompts/drama/page/2/	blog_post_url	91.0	0.0	0.0
https://blog.bookly.com/creative-writing-prompts/drama/page/3/	blog_post_url	91.0	0.0	0.0
https://blog.bookly.com/creative-writing-prompts/drama/page/4/	blog_post_url	21.0	0.0	0.0
https://blog.bookly.com/creative-writing-prompts/fantasy/page/2/	blog_post_url	210.0	0.0	0.0
https://blog.bookly.com/creative-writing-prompts/fantasy/page/4/	blog_post_url	56.0	0.0	0.0
https://blog.bookly.com/creative-writing-prompts/historical-fiction/page/2/	blog_post_url	35.0	0.0	0.0
https://blog.bookly.com/creative-writing-prompts/fantasy/page/5/	blog_post_url	21.0	0.0	0.0
https://blog.bookly.com/creative-writing-prompts/fantasy/page/6/	blog_post_url	21.0	0.0	0.0
https://blog.bookly.com/creative-writing-prompts/for-kids/	blog_post_url	252.0	0.0	0.0
https://blog.bookly.com/creative-writing-prompts/for-kids/page/2/	blog_post_url	21.0	0.0	0.0
https://blog.bookly.com/character-name-generator/language/korean//	blog_post_url	42.0	0.0	0.0
https://blog.bookly.com/creative-writing-prompts/general/page/2/	blog_post_url	21.0	0.0	0.0
https://blog.bookly.com/creative-writing-prompts/general/page/7/	blog_post_url	21.0	0.0	0.0
https://blog.bookly.com/david-fugate-literary-agent-interview/	blog_post_url	70.0	0.0	0.0
https://blog.bookly.com/diversity-comic-book/	blog_post_url	35.0	0.0	0.0
https://blog.bookly.com/beta-readers//	blog_post_url	21.0	0.0	0.0
https://blog.bookly.com/dom-cutrupi-success-story/	blog_post_url	105.0	0.0	0.0
https://blog.bookly.com/freelancer/childrens-book-illustrator-jobs//	blog_post_url	42.0	0.0	0.0
https://blog.bookly.com/freelancer/copyediting-certificates//	blog_post_url	21.0	0.0	0.0
https://blog.bookly.com/freelancer/editorial-assistant-jobs-nyc/	blog_post_url	56.0	0.0	0.0
https://blog.bookly.com/freelancer/editorial-freelancers-association/	blog_post_url	21.0	0.0	0.0
https://blog.bookly.com/freelancer/freelance-editor/	blog_post_url	56.0	0.0	0.0
https://blog.bookly.com/freelancer/freelance-editor//	blog_post_url	21.0	0.0	0.0
https://blog.bookly.com/freelancer/from-blogger-to-creator-of-author-websites/	blog_post_url	21.0	0.0	0.0
https://blog.bookly.com/freelancer/from-in-house-to-freelance-editor/	blog_post_url	35.0	0.0	0.0
https://blog.bookly.com/freelancer/ghostwriting-jobs/	blog_post_url	595.0	0.0	0.0
https://blog.bookly.com/freelancer/guide-to-bookly-marketplace/	blog_post_url	56.0	0.0	0.0
https://blog.bookly.com/freelancer/how-to-become-a-better-editor/	blog_post_url	42.0	0.0	0.0
https://blog.bookly.com/character-name-generator/language/german/	blog_post_url	7161.0	0.0	0.0
https://blog.bookly.com/freelancer/how-to-become-a-proofreader/	blog_post_url	21.0	0.0	0.0
https://blog.bookly.com/freelancer/how-to-become-an-editor-guide//	blog_post_url	21.0	0.0	0.0
https://blog.bookly.com/freelancer/how-to-manage-tax-as-a-freelance-editor/	blog_post_url	112.0	0.0	0.0
https://blog.bookly.com/freelancer/how-to-win-more-freelance-work-7-tips/	blog_post_url	21.0	0.0	0.0
https://blog.bookly.com/freelancer/michael-doane-freelance-marketer/	blog_post_url	21.0	0.0	0.0
https://blog.bookly.com/freelancer/childrens-book-illustrator-jobs/	blog_post_url	1113.0	0.0	0.0
https://blog.bookly.com/freelancer/a-ghosts-perspective/	blog_post_url	21.0	0.0	0.0
https://blog.bookly.com/best-self-publishing-roundups/	blog_post_url	35.0	0.0	0.0
https://blog.bookly.com/exposition-in-literature/	blog_post_url	567.0	0.0	0.0
https://blog.bookly.com/dynamic-character//	blog_post_url	21.0	0.0	0.0
https://blog.bookly.com/ebook-distribution//	blog_post_url	21.0	0.0	0.0
https://blog.bookly.com/editing-services/	blog_post_url	56.0	0.0	0.0
https://blog.bookly.com/editor-publishing-deal/	blog_post_url	56.0	0.0	0.0
https://blog.bookly.com/epub-vs-mobi-vs-pdf//	blog_post_url	91.0	0.0	0.0
https://blog.bookly.com/erik-spiekermann-interview/	blog_post_url	56.0	0.0	0.0
https://blog.bookly.com/example-novel-synopsis/	blog_post_url	42.0	0.0	0.0
https://blog.bookly.com/character-name-generator/language/hindi/	blog_post_url	3920.0	0.0	0.0
https://blog.bookly.com/flat-character//	blog_post_url	21.0	0.0	0.0
https://blog.bookly.com/facebook-author-page-still-worth-it/	blog_post_url	21.0	0.0	0.0
https://blog.bookly.com/failed-promoting-novel-amazon-advertising/	blog_post_url	700.0	0.0	0.0
https://blog.bookly.com/fantasy-characters/	blog_post_url	3633.0	0.0	0.0
https://blog.bookly.com/fantasy-characters//	blog_post_url	35.0	0.0	0.0
https://blog.bookly.com/fantasy-tropes//	blog_post_url	35.0	0.0	0.0
https://blog.bookly.com/character-name-generator/language/german//	blog_post_url	21.0	0.0	0.0
https://blog.bookly.com/find-literary-agents//	blog_post_url	42.0	0.0	0.0
https://blog.bookly.com/character-name-generator/language/spanish/	blog_post_url	10353.0	0.0	0.0
https://blog.bookly.com/creative-writing-prompts/contests/42/	blog_post_url	21.0	0.0	0.0
https://blog.bookly.com/freelancer/tips-for-successful-freelancing/	blog_post_url	105.0	0.0	0.0
https://blog.bookly.com/creative-writing-prompts/author/bowen-whiteman/	blog_post_url	21.0	0.0	0.0
https://blog.bookly.com/co-write-anthology/	blog_post_url	91.0	0.0	0.0
https://blog.bookly.com/compelling-romance-novel/	blog_post_url	140.0	0.0	0.0
https://blog.bookly.com/cookbook-covers/	blog_post_url	35.0	0.0	0.0
https://blog.bookly.com/copyright-page//	blog_post_url	1715.0	0.0	0.0
https://blog.bookly.com/character-name-generator/language/swahili/	blog_post_url	4319.0	0.0	0.0
https://blog.bookly.com/cost-to-self-publish-a-book//	blog_post_url	378.0	0.0	0.0
https://blog.bookly.com/cover-design-brief/	blog_post_url	217.0	0.0	0.0
https://blog.bookly.com/createspace//	blog_post_url	56.0	0.0	0.0
https://blog.bookly.com/creative-nonfiction/	blog_post_url	434.0	0.0	0.0
https://blog.bookly.com/creative-writing-grammarly/	blog_post_url	91.0	0.0	0.0
https://blog.bookly.com/creative-writing-prompts//	blog_post_url	21.0	0.0	0.0
https://blog.bookly.com/creative-writing-prompts/author/abigail-airuedomwinya/	blog_post_url	21.0	0.0	0.0
https://blog.bookly.com/creative-writing-prompts/author/adriana-k-maxwell/	blog_post_url	21.0	0.0	0.0
https://blog.bookly.com/creative-writing-prompts/author/alanna-salussolia/	blog_post_url	21.0	0.0	0.0
https://blog.bookly.com/creative-writing-prompts/author/alexandra-mirazizyan/	blog_post_url	21.0	0.0	0.0
https://blog.bookly.com/creative-writing-prompts/author/anjali-roy/	blog_post_url	21.0	0.0	0.0
https://blog.bookly.com/creative-writing-prompts/author/anjana-s-pillai/	blog_post_url	21.0	0.0	0.0
https://blog.bookly.com/choosing-to-self-publish/	blog_post_url	35.0	0.0	0.0
https://blog.bookly.com/choosing-ghostwriter-step-by-step//	blog_post_url	70.0	0.0	0.0
https://blog.bookly.com/childrens-books-target-markets/	blog_post_url	581.0	0.0	0.0
https://blog.bookly.com/character-name-generator/mythology/norse-mythology/	blog_post_url	3164.0	0.0	0.0
https://blog.bookly.com/character-name-generator/medieval/old-german/	blog_post_url	3157.0	0.0	0.0
https://blog.bookly.com/character-name-generator/medieval/old-german//	blog_post_url	42.0	0.0	0.0
https://blog.bookly.com/character-name-generator/medieval/old-roman/	blog_post_url	5999.0	0.0	0.0
https://blog.bookly.com/character-name-generator/medieval/old-roman//	blog_post_url	21.0	0.0	0.0
https://blog.bookly.com/character-name-generator/mythology/	blog_post_url	980.0	0.0	0.0
https://blog.bookly.com/character-name-generator/mythology/egyptian-mythology/	blog_post_url	1610.0	0.0	0.0
https://blog.bookly.com/character-name-generator/mythology/hindu-mythology/	blog_post_url	847.0	0.0	0.0
https://blog.bookly.com/character-name-generator/mythology/roman-mythology/	blog_post_url	1246.0	0.0	0.0
https://blog.bookly.com/childrens-book-illustrators//	blog_post_url	112.0	0.0	0.0
https://blog.bookly.com/blogging-for-authors-anne-r-allen-interview/	blog_post_url	21.0	0.0	0.0
https://blog.bookly.com/character-quirks//	blog_post_url	133.0	0.0	0.0
https://blog.bookly.com/chekhovs-gun/	blog_post_url	1897.0	0.0	0.0
https://blog.bookly.com/childrens-book-covers/	blog_post_url	1358.0	0.0	0.0
https://blog.bookly.com/childrens-book-covers//	blog_post_url	21.0	0.0	0.0
https://blog.bookly.com/childrens-book-editor/	blog_post_url	42.0	0.0	0.0
https://blog.bookly.com/childrens-book-illustrations/	blog_post_url	196.0	0.0	0.0
https://blog.bookly.com/creative-writing-prompts/author/anna-k-firth/	blog_post_url	21.0	0.0	0.0
https://blog.bookly.com/creative-writing-prompts/author/cassie-rivers/	blog_post_url	21.0	0.0	0.0
https://blog.bookly.com/biblioboard-self-e-project-indie-authors-in-libraries/	blog_post_url	21.0	0.0	0.0
https://blog.bookly.com/creative-writing-prompts/author/chantel-chamonix/	blog_post_url	21.0	0.0	0.0
https://blog.bookly.com/creative-writing-prompts/author/rory-freed/	blog_post_url	21.0	0.0	0.0
https://blog.bookly.com/creative-writing-prompts/author/ruth-porritt/	blog_post_url	21.0	0.0	0.0
https://blog.bookly.com/creative-writing-prompts/author/s-s-mukharjee-madivada/	blog_post_url	21.0	0.0	0.0
https://blog.bookly.com/creative-writing-prompts/author/sandra-lester/	blog_post_url	21.0	0.0	0.0
https://blog.bookly.com/creative-writing-prompts/author/thiago-loriggio/	blog_post_url	21.0	0.0	0.0
https://blog.bookly.com/creative-writing-prompts/author/tim-law/	blog_post_url	21.0	0.0	0.0
https://blog.bookly.com/creative-writing-prompts/author/vera-reynolds/	blog_post_url	21.0	0.0	0.0
https://blog.bookly.com/creative-writing-prompts/author/zilla-babbitt/	blog_post_url	182.0	0.0	0.0
https://blog.bookly.com/creative-writing-prompts/author/zoe-steinberg/	blog_post_url	21.0	0.0	0.0
https://blog.bookly.com/creative-writing-prompts/comedy/page/2/	blog_post_url	91.0	0.0	0.0
https://blog.bookly.com/creative-writing-prompts/comedy/page/3/	blog_post_url	56.0	0.0	0.0
https://blog.bookly.com/character-name-generator/language/spanish//	blog_post_url	21.0	0.0	0.0
https://blog.bookly.com/creative-writing-prompts/contests/11/	blog_post_url	21.0	0.0	0.0
https://blog.bookly.com/creative-writing-prompts/contests/33/	blog_post_url	21.0	0.0	0.0
https://blog.bookly.com/creative-writing-prompts/contests/36/	blog_post_url	21.0	0.0	0.0
https://blog.bookly.com/creative-writing-prompts/contests/39/	blog_post_url	21.0	0.0	0.0
https://blog.bookly.com/creative-writing-prompts/contests/40/	blog_post_url	35.0	0.0	0.0
https://blog.bookly.com/creative-writing-prompts/author/rashel-brase/	blog_post_url	21.0	0.0	0.0
https://blog.bookly.com/creative-writing-prompts/author/randi-w/	blog_post_url	21.0	0.0	0.0
https://blog.bookly.com/creative-writing-prompts/author/ramesh-suria/	blog_post_url	21.0	0.0	0.0
https://blog.bookly.com/creative-writing-prompts/author/jianna-cayanan/	blog_post_url	21.0	0.0	0.0
https://blog.bookly.com/creative-writing-prompts/author/chloe-ly-grimont/	blog_post_url	21.0	0.0	0.0
https://blog.bookly.com/creative-writing-prompts/author/claire-reck-13929/	blog_post_url	21.0	0.0	0.0
https://blog.bookly.com/creative-writing-prompts/author/deborah-mercer/	blog_post_url	21.0	0.0	0.0
https://blog.bookly.com/creative-writing-prompts/author/diana-tisan-2833/	blog_post_url	21.0	0.0	0.0
https://blog.bookly.com/creative-writing-prompts/author/dyana-j-stephen/	blog_post_url	21.0	0.0	0.0
https://blog.bookly.com/creative-writing-prompts/author/emma-gaughan/	blog_post_url	21.0	0.0	0.0
https://blog.bookly.com/creative-writing-prompts/author/harshini-jivaratnam/	blog_post_url	21.0	0.0	0.0
https://blog.bookly.com/creative-writing-prompts/author/josiah-chia/	blog_post_url	21.0	0.0	0.0
https://blog.bookly.com/creative-writing-prompts/author/r-kon/	blog_post_url	21.0	0.0	0.0
https://blog.bookly.com/creative-writing-prompts/author/karen-mcdermott/	blog_post_url	21.0	0.0	0.0
https://blog.bookly.com/creative-writing-prompts/author/kendra-stone/	blog_post_url	35.0	0.0	0.0
https://blog.bookly.com/creative-writing-prompts/author/likhitha-ramagiri/	blog_post_url	35.0	0.0	0.0
https://blog.bookly.com/creative-writing-prompts/author/lola-sable/	blog_post_url	21.0	0.0	0.0
https://blog.bookly.com/creative-writing-prompts/author/marie-titcomb/	blog_post_url	21.0	0.0	0.0
https://blog.bookly.com/creative-writing-prompts/author/masha-kurbatova/	blog_post_url	21.0	0.0	0.0
https://blog.bookly.com/creative-writing-prompts/author/niveeidha-palani/	blog_post_url	21.0	0.0	0.0
https://blog.bookly.com/freelancer/proofreading-rates//	blog_post_url	21.0	0.0	0.0
https://blog.bookly.com/freelancerfriday-8-ellie-clarke-editor/	blog_post_url	21.0	0.0	0.0
https://blog.bookly.com/live/amazon-market-niches-trends//	blog_post_url	21.0	0.0	0.0
https://blog.bookly.com/cartoonist-for-hire/	blog_post_url	70.0	0.0	0.0
https://blog.bookly.com/learning/courses/editing/the-mechanics-of-writing-dialogue/	blog_post_url	126.0	0.0	0.0
https://blog.bookly.com/learning/courses/marketing/	blog_post_url	42.0	0.0	0.0
https://blog.bookly.com/learning/courses/marketing/amazon-ads-authors/	blog_post_url	77.0	0.0	0.0
https://blog.bookly.com/category/book-design/	blog_post_url	126.0	0.0	0.0
https://blog.bookly.com/learning/courses/marketing/author-mailing-list/	blog_post_url	56.0	0.0	0.0
https://blog.bookly.com/learning/courses/marketing/book-marketing-101/	blog_post_url	182.0	0.0	0.0
https://blog.bookly.com/learning/courses/marketing/book-reviews/	blog_post_url	21.0	0.0	0.0
https://blog.bookly.com/learning/courses/marketing/bookbub-ads/	blog_post_url	35.0	0.0	0.0
https://blog.bookly.com/author-interview-nick-stephenson-author-marketing/	blog_post_url	56.0	0.0	0.0
https://blog.bookly.com/learning/courses/marketing/how-to-find-your-target-readers/	blog_post_url	56.0	0.0	0.0
https://blog.bookly.com/learning/courses/marketing/market-childrens-book/	blog_post_url	105.0	0.0	0.0
https://blog.bookly.com/learning/courses/marketing/ultimate-book-marketing-plan/	blog_post_url	77.0	0.0	0.0
https://blog.bookly.com/learning/courses/page/2/	blog_post_url	35.0	0.0	0.0
https://blog.bookly.com/learning/courses/publishing/create-great-audiobook/	blog_post_url	56.0	0.0	0.0
https://blog.bookly.com/learning/courses/publishing/crowdfunding-for-authors/	blog_post_url	21.0	0.0	0.0
https://blog.bookly.com/learning/courses/publishing/how-to-publish-a-picture-book/	blog_post_url	42.0	0.0	0.0
https://blog.bookly.com/author-bio//	blog_post_url	70.0	0.0	0.0
https://blog.bookly.com/learning/courses/editing/story-editing/	blog_post_url	21.0	0.0	0.0
https://blog.bookly.com/learning/courses/editing/self-edit-like-a-pro/	blog_post_url	126.0	0.0	0.0
https://blog.bookly.com/author-media-kit-template//	blog_post_url	91.0	0.0	0.0
https://blog.bookly.com/kill-your-darlings/	blog_post_url	21.0	0.0	0.0
https://blog.bookly.com/category/perfecting-craft/page/2/	blog_post_url	21.0	0.0	0.0
https://blog.bookly.com/insecure-writers-support-group-author-interview/	blog_post_url	21.0	0.0	0.0
https://blog.bookly.com/interview-freelance-developmental-editor-kiele-raymond/	blog_post_url	21.0	0.0	0.0
https://blog.bookly.com/interview-harry-bingham-self-published-author/	blog_post_url	105.0	0.0	0.0
https://blog.bookly.com/joseph-alexander-interview/	blog_post_url	56.0	0.0	0.0
https://blog.bookly.com/kdp-select//	blog_post_url	42.0	0.0	0.0
https://blog.bookly.com/kickstarter-self-publishing-childrens-lit/	blog_post_url	126.0	0.0	0.0
https://blog.bookly.com/book-cover-design//	blog_post_url	147.0	0.0	0.0
https://blog.bookly.com/learning/courses/editing/novel-revision-practical-tips-rewrites/	blog_post_url	21.0	0.0	0.0
https://blog.bookly.com/author-websites//	blog_post_url	385.0	0.0	0.0
https://blog.bookly.com/category/marketing/	blog_post_url	133.0	0.0	0.0
https://blog.bookly.com/category/bookly-success-stories/	blog_post_url	77.0	0.0	0.0
https://blog.bookly.com/learning/courses/design/	blog_post_url	21.0	0.0	0.0
https://blog.bookly.com/author-profiles-launch/	blog_post_url	21.0	0.0	0.0
https://blog.bookly.com/learning/courses/distribution/pricing-books-international/	blog_post_url	42.0	0.0	0.0
https://blog.bookly.com/learning/courses/editing/	blog_post_url	196.0	0.0	0.0
https://blog.bookly.com/learning/courses/publishing/what-do-agents-do/	blog_post_url	21.0	0.0	0.0
https://blog.bookly.com/learning/courses/writing/3-act-story-structure/	blog_post_url	126.0	0.0	0.0
https://blog.bookly.com/independent-publishers/page/3//	blog_post_url	21.0	0.0	0.0
https://blog.bookly.com/anti-villain//	blog_post_url	56.0	0.0	0.0
https://blog.bookly.com/learning/courses/writing/writing-cookbook/	blog_post_url	56.0	0.0	0.0
https://blog.bookly.com/booktube-channels/page/4/	blog_post_url	91.0	0.0	0.0
https://blog.bookly.com/learning/courses/writing/ya-that-sells/	blog_post_url	70.0	0.0	0.0
https://blog.bookly.com/libraries-self-publishing-authors/	blog_post_url	147.0	0.0	0.0
https://blog.bookly.com/booktube-channels/page/3/	blog_post_url	140.0	0.0	0.0
https://blog.bookly.com/list-forceful-verbs//	blog_post_url	91.0	0.0	0.0
https://blog.bookly.com/literary-agent-paul-lucas-self-published-author/	blog_post_url	35.0	0.0	0.0
https://blog.bookly.com/literary-magazines/	blog_post_url	1008.0	0.0	0.0
https://blog.bookly.com/booktube-channels/page/2//	blog_post_url	35.0	0.0	0.0
https://blog.bookly.com/literary-magazines/page/2/	blog_post_url	161.0	0.0	0.0
https://blog.bookly.com/literary-magazines/page/2//	blog_post_url	42.0	0.0	0.0
https://blog.bookly.com/literary-magazines/page/3/	blog_post_url	42.0	0.0	0.0
https://blog.bookly.com/literary-magazines/page/4/	blog_post_url	21.0	0.0	0.0
https://blog.bookly.com/literary-magazines/page/6/	blog_post_url	21.0	0.0	0.0
https://blog.bookly.com/live/	blog_post_url	308.0	0.0	0.0
https://blog.bookly.com/live/agent-read-your-entire-manuscript/	blog_post_url	21.0	0.0	0.0
https://blog.bookly.com/live/amazon-market-niches-trends/	blog_post_url	539.0	0.0	0.0
https://blog.bookly.com/learning/courses/writing/write-business-book/	blog_post_url	21.0	0.0	0.0
https://blog.bookly.com/learning/courses/writing/understanding-point-of-view/	blog_post_url	56.0	0.0	0.0
https://blog.bookly.com/learning/courses/writing/stop-procrastinating-and-build-a-rock-solid-writing-routine/what-to-do-when-youre-super-blocked/	blog_post_url	21.0	0.0	0.0
https://blog.bookly.com/learning/courses/writing/novel-writing-101/the-planning-stage/	blog_post_url	21.0	0.0	0.0
https://blog.bookly.com/anti-villain/	blog_post_url	4347.0	0.0	0.0
https://blog.bookly.com/learning/courses/writing/childrens-books-right-age//	blog_post_url	21.0	0.0	0.0
https://blog.bookly.com/learning/courses/writing/developing-characters-readers-will-love/	blog_post_url	161.0	0.0	0.0
https://blog.bookly.com/character-name-generator/medieval/	blog_post_url	2527.0	0.0	0.0
https://blog.bookly.com/learning/courses/writing/middle-grade-readers/	blog_post_url	56.0	0.0	0.0
https://blog.bookly.com/learning/courses/writing/novel-writing-101/	blog_post_url	91.0	0.0	0.0
https://blog.bookly.com/learning/courses/writing/novel-writing-101/establishing-a-voice/	blog_post_url	21.0	0.0	0.0
https://blog.bookly.com/learning/courses/writing/novel-writing-101/type-novel-youre-writing/	blog_post_url	105.0	0.0	0.0
https://blog.bookly.com/learning/courses/writing/stop-procrastinating-and-build-a-rock-solid-writing-routine/introducing-prolifikology/	blog_post_url	21.0	0.0	0.0
https://blog.bookly.com/learning/courses/writing/short-story/building-characters/	blog_post_url	70.0	0.0	0.0
https://blog.bookly.com/learning/courses/writing/short-story/editing-your-work/	blog_post_url	161.0	0.0	0.0
https://blog.bookly.com/learning/courses/writing/short-story/embracing-the-restrictions/	blog_post_url	56.0	0.0	0.0
https://blog.bookly.com/learning/courses/writing/short-story/exploring-your-topic/	blog_post_url	42.0	0.0	0.0
https://blog.bookly.com/booktube-channels/page/5/	blog_post_url	42.0	0.0	0.0
https://blog.bookly.com/learning/courses/writing/short-story/stepping-back-after-the-first-draft/	blog_post_url	42.0	0.0	0.0
https://blog.bookly.com/anti-hero//	blog_post_url	105.0	0.0	0.0
https://blog.bookly.com/indie-publishing/	blog_post_url	357.0	0.0	0.0
https://blog.bookly.com/category/understanding-publishing/	blog_post_url	126.0	0.0	0.0
https://blog.bookly.com/getting-traction-for-your-books-interviewing-justin-mares/	blog_post_url	21.0	0.0	0.0
https://blog.bookly.com/how-to-market-a-nonfiction-book/	blog_post_url	252.0	0.0	0.0
https://blog.bookly.com/how-to-become-a-novelist//	blog_post_url	42.0	0.0	0.0
https://blog.bookly.com/how-to-become-a-writer/	blog_post_url	147.0	0.0	0.0
https://blog.bookly.com/how-to-become-an-author/	blog_post_url	413.0	0.0	0.0
https://blog.bookly.com/character-name-generator/fantasy/elf//	blog_post_url	21.0	0.0	0.0
https://blog.bookly.com/how-to-choose-book-titles//	blog_post_url	56.0	0.0	0.0
https://blog.bookly.com/how-to-copyright-a-book//	blog_post_url	126.0	0.0	0.0
https://blog.bookly.com/character-name-generator/fantasy/dragon/	blog_post_url	11284.0	0.0	0.0
https://blog.bookly.com/how-to-edit-a-book//	blog_post_url	147.0	0.0	0.0
https://blog.bookly.com/how-to-end-a-story/	blog_post_url	2492.0	0.0	0.0
https://blog.bookly.com/how-to-end-a-story//	blog_post_url	21.0	0.0	0.0
https://blog.bookly.com/character-name-generator/fantasy/	blog_post_url	3360.0	0.0	0.0
https://blog.bookly.com/how-to-format-a-book//	blog_post_url	70.0	0.0	0.0
https://blog.bookly.com/best-marketing-books/	blog_post_url	469.0	0.0	0.0
https://blog.bookly.com/how-to-get-book-reviews//	blog_post_url	21.0	0.0	0.0
https://blog.bookly.com/how-to-get-your-book-published//	blog_post_url	147.0	0.0	0.0
https://blog.bookly.com/how-to-handle-bad-book-reviews/	blog_post_url	56.0	0.0	0.0
https://blog.bookly.com/how-to-market-a-book/	blog_post_url	560.0	0.0	0.0
https://blog.bookly.com/how-my-editor-helped-me-understand-historical-fiction/	blog_post_url	56.0	0.0	0.0
https://blog.bookly.com/how-many-words-in-a-novel//	blog_post_url	112.0	0.0	0.0
https://blog.bookly.com/how-long-should-a-chapter-be//	blog_post_url	91.0	0.0	0.0
https://blog.bookly.com/guide/point-of-view/first-person-pov//	blog_post_url	56.0	0.0	0.0
https://blog.bookly.com/getting-your-book-coverage-in-the-national-press/	blog_post_url	35.0	0.0	0.0
https://blog.bookly.com/ghostwritten-books/	blog_post_url	1225.0	0.0	0.0
https://blog.bookly.com/gifts-for-writers/	blog_post_url	2891.0	0.0	0.0
https://blog.bookly.com/gifts-for-writers//	blog_post_url	126.0	0.0	0.0
https://blog.bookly.com/guide/nanowrimo/how-to-prepare-for-nanowrimo/	blog_post_url	21.0	0.0	0.0
https://blog.bookly.com/guide/nanowrimo/preptober/	blog_post_url	56.0	0.0	0.0
https://blog.bookly.com/guide/nanowrimo/shaelins-nanowrimo-experience/	blog_post_url	56.0	0.0	0.0
https://blog.bookly.com/guide/point-of-view/second-person-pov/	blog_post_url	4039.0	0.0	0.0
https://blog.bookly.com/how-long-does-it-take-to-write-a-book//	blog_post_url	21.0	0.0	0.0
https://blog.bookly.com/guide/point-of-view/second-person-pov//	blog_post_url	70.0	0.0	0.0
https://blog.bookly.com/guide/point-of-view/third-person-limited-omniscient/	blog_post_url	3157.0	0.0	0.0
https://blog.bookly.com/guide/point-of-view/third-person-limited-omniscient//	blog_post_url	147.0	0.0	0.0
https://blog.bookly.com/hemingway-app-review//	blog_post_url	21.0	0.0	0.0
https://blog.bookly.com/hire-ghostwriter-andrew-crofts/	blog_post_url	1967.0	0.0	0.0
https://blog.bookly.com/how-authors-and-editors-can-work-better-together/	blog_post_url	21.0	0.0	0.0
https://blog.bookly.com/character-name-generator/fantasy/human//	blog_post_url	21.0	0.0	0.0
https://blog.bookly.com/how-to-market-a-memoir/	blog_post_url	91.0	0.0	0.0
https://blog.bookly.com/how-to-outline-a-book//	blog_post_url	105.0	0.0	0.0
https://blog.bookly.com/independent-publishers/page/2/	blog_post_url	182.0	0.0	0.0
https://blog.bookly.com/how-to-publish-a-book-on-google-play/	blog_post_url	182.0	0.0	0.0
https://blog.bookly.com/how-to-write-a-horror-story//	blog_post_url	126.0	0.0	0.0
https://blog.bookly.com/10-writers-block-memes-to-keep-your-book-afloat/	blog_post_url	217.0	0.0	0.0
https://blog.bookly.com/character-development-exercises//	blog_post_url	35.0	0.0	0.0
https://blog.bookly.com/author/martin/	blog_post_url	42.0	0.0	0.0
https://blog.bookly.com/how-to-write-a-poem//	blog_post_url	56.0	0.0	0.0
https://blog.bookly.com/character-descriptions//	blog_post_url	91.0	0.0	0.0
https://blog.bookly.com/how-to-write-a-query-letter//	blog_post_url	224.0	0.0	0.0
https://blog.bookly.com/how-to-write-a-romance-novel//	blog_post_url	21.0	0.0	0.0
https://blog.bookly.com/how-to-write-a-series/	blog_post_url	91.0	0.0	0.0
https://blog.bookly.com/character-arc//	blog_post_url	35.0	0.0	0.0
https://blog.bookly.com/how-to-write-a-synopsis//	blog_post_url	70.0	0.0	0.0
https://blog.bookly.com/author/arielle/	blog_post_url	21.0	0.0	0.0
https://blog.bookly.com/how-to-write-dialogue//	blog_post_url	56.0	0.0	0.0
https://blog.bookly.com/how-to-write-faster/	blog_post_url	105.0	0.0	0.0
https://blog.bookly.com/hybrid-publishers/	blog_post_url	833.0	0.0	0.0
https://blog.bookly.com/inciting-incident/	blog_post_url	2114.0	0.0	0.0
https://blog.bookly.com/independent-publishers//	blog_post_url	140.0	0.0	0.0
https://blog.bookly.com/how-to-write-a-fight-scene/	blog_post_url	1302.0	0.0	0.0
https://blog.bookly.com/how-to-write-a-cookbook/	blog_post_url	21.0	0.0	0.0
https://blog.bookly.com/how-to-write-a-childrens-book//	blog_post_url	77.0	0.0	0.0
https://blog.bookly.com/how-to-self-publish-a-book//	blog_post_url	399.0	0.0	0.0
https://blog.bookly.com/how-to-publish-a-book//	blog_post_url	91.0	0.0	0.0
https://blog.bookly.com/how-to-publish-a-childrens-book//	blog_post_url	651.0	0.0	0.0
https://blog.bookly.com/how-to-publish-a-short-story/	blog_post_url	343.0	0.0	0.0
https://blog.bookly.com/how-to-publish-an-ebook/	blog_post_url	112.0	0.0	0.0
https://blog.bookly.com/best-books-on-writing/	blog_post_url	1232.0	0.0	0.0
https://blog.bookly.com/how-to-publish-poetry/	blog_post_url	161.0	0.0	0.0
https://blog.bookly.com/how-to-revise-a-novel-step-by-step-guide/	blog_post_url	217.0	0.0	0.0
https://blog.bookly.com/how-to-self-publish-a-graphic-novel/	blog_post_url	434.0	0.0	0.0
https://blog.bookly.com/book-cover-art/	blog_post_url	448.0	0.0	0.0
https://blog.bookly.com/how-to-set-up-your-bookly-author-profile/	blog_post_url	35.0	0.0	0.0
https://blog.bookly.com/how-to-spark-the-curiosity-of-the-readers/	blog_post_url	21.0	0.0	0.0
https://blog.bookly.com/character-name-generator/archetype/hero/	blog_post_url	5376.0	0.0	0.0
https://blog.bookly.com/how-to-start-a-story//	blog_post_url	252.0	0.0	0.0
https://blog.bookly.com/become-the-ceo-of-your-own-life/	blog_post_url	21.0	0.0	0.0
https://blog.bookly.com/character-name-generator/archetype/	blog_post_url	133.0	0.0	0.0
https://blog.bookly.com/authors-build-your-street-team-4-simple-steps/	blog_post_url	126.0	0.0	0.0
https://webcache.googleusercontent.com/search/	blog_post_url	105.0	0.0	0.0
