popup_title	source	views	registration	conversion
Hero's Journey 101: Guia de definiÃ§Ã£o e passo a passo (com lista de verificaÃ§Ã£o!)	popup_title	21.0	21.0	100.0
Elf Name Generator â€¢ ULTIMATE Bank s 50 000+ menami	popup_title	21.0	21.0	100.0
Submitting Your Work â€¢ How to Craft a Killer Short Story	popup_title	21.0	21.0	100.0
ì‘ê°€ì˜ ë¸”ë¡ì„ ê·¹ë³µí•˜ëŠ” ë°©ë²• (ì‹¤ì œë¡œ ì‘ë™í•˜ëŠ” 20 ê°€ì§€ íŒ)	popup_title	21.0	21.0	100.0
ï»¿ï»¿â€‹Best Dramatic Writing Prompts of 2020	popup_title	21.0	21.0	100.0
Novel Revision: Understanding the Craft (Free Course) â€¢ bookly	popup_title	21.0	21.0	100.0
So erstellen Sie ein Charakterprofil: die ultimative Anleitung (mit Vorlage)	popup_title	21.0	21.0	100.0
CÃ³mo escribir un arco de caracteres convincente en solo 3 pasos	popup_title	21.0	21.0	100.0
à¸§à¸´à¸˜à¸µà¸ªà¸£à¹‰à¸²à¸‡à¹‚à¸›à¸£à¹„à¸Ÿà¸¥à¹Œà¸•à¸±à¸§à¸¥à¸°à¸„à¸£: à¹à¸™à¸§à¸—à¸²à¸‡à¸‚à¸±à¹‰à¸™à¸ªà¸¸à¸”à¸—à¹‰à¸²à¸¢ (à¸à¸£à¹‰à¸­à¸¡à¹€à¸—à¸¡à¹€à¸à¸¥à¸•)	popup_title	21.0	21.0	100.0
CreateSpace estÃ¡ MORTO. Aqui estÃ¡ o que vocÃª precisa saber.	popup_title	21.0	21.0	100.0
Buchtitelgenerator â€¢ Die ultimative Bank mit 10.000 Titeln	popup_title	35.0	21.0	60.0
Growing Your Influence as a Non-Fiction Author (Free Course) â€¢ bookly	popup_title	35.0	21.0	60.0
Free Online Distribution Courses for Authors â€¢ bookly Learning	popup_title	35.0	21.0	60.0
ĞĞ±Ğ·Ğ¾Ñ€ Ğ¿Ñ€Ğ¸Ğ»Ğ¾Ğ¶ĞµĞ½Ğ¸Ñ Hemingway: Ğ´ĞµĞ¹ÑÑ‚Ğ²Ğ¸Ñ‚ĞµĞ»ÑŒĞ½Ğ¾ Ğ»Ğ¸ ÑÑ‚Ğ¾ ÑƒĞ»ÑƒÑ‡ÑˆĞ¸Ñ‚ Ğ²Ğ°ÑˆĞµ Ğ¿Ğ¸ÑÑŒĞ¼Ğ¾?	popup_title	42.0	21.0	50.0
Come scrivere un romanzo usando la struttura in tre atti	popup_title	42.0	21.0	50.0
Inside a Traditional â€˜Big 5â€™ Publisher (Course)	popup_title	56.0	21.0	37.5
Writing and Publishing Resources	popup_title	56.0	21.0	37.5
Self-Publishing a Family Memoir	popup_title	56.0	21.0	37.5
How to Build an Amazing Author Blog (Free Course)	popup_title	56.0	21.0	37.5
Free Online Writing Courses for Authors â€¢ bookly Learning	popup_title	273.0	91.0	33.33333333333333
Sell more books using Amazon's 'popularity list' â€¢ bookly Live	popup_title	70.0	21.0	30.0
Novlr Review: The Best Writing Software for You?	popup_title	70.0	21.0	30.0
10 Exercises to Become a Better Writer	popup_title	140.0	42.0	30.0
How to Start Writing a Book: 4 Simple Steps to Get You Started	popup_title	196.0	56.0	28.57142857142857
Book Design 101 for Authors (Free Course) â€¢ bookly	popup_title	126.0	35.0	27.77777777777778
How to Publish (and Sell) on Apple Books in 2020	popup_title	126.0	35.0	27.77777777777778
What is the Cost of a Professional Author Website?	popup_title	77.0	21.0	27.27272727272727
Fuzzy Friends (or Foes?) - A Weekly Writing Contest	popup_title	77.0	21.0	27.27272727272727
What's it like to work with a ghostwriter on your memoir?	popup_title	77.0	21.0	27.27272727272727
Outlining Writing Exercises	popup_title	91.0	21.0	23.076923076923077
How to Write Believable Dialogue (Free Course) â€¢ bookly Learning	popup_title	91.0	21.0	23.076923076923077
10 Tips on How to Make an Author Website (+ Bonus Checklist)	popup_title	273.0	56.0	20.51282051282051
Top Tips for Creating a Freelance Book Publishing Profile â€¢ bookly	popup_title	105.0	21.0	20.0
Self-Publishing vs. Traditional Publishing: Which Is Better?	popup_title	112.0	21.0	18.75
How to Create a Character Profile: the Ultimate Guide (with Template)	popup_title	34244.0	5467.0	15.964840556009813
Manuscript Format: A Guide for Novels (FREE Template)	popup_title	7609.0	1155.0	15.179392824287028
How to Write a Book Proposal: a Master Guide (with Template)	popup_title	9135.0	1379.0	15.095785440613026
Kidding Around - A Weekly Writing Contest	popup_title	140.0	21.0	15.0
The Ten Commandments of Writing YA (Free Course) â€¢ bookly	popup_title	140.0	21.0	15.0
Freelancers â€“ bookly	popup_title	147.0	21.0	14.285714285714285
How to Plot a Novel Using the 3-Act Structure (Free Course) â€¢ bookly	popup_title	147.0	21.0	14.285714285714285
Bestseller: a Self-Publishing Podcast by bookly	popup_title	147.0	21.0	14.285714285714285
Writing Children's Books 101 (Free Course) â€¢ bookly	popup_title	798.0	112.0	14.035087719298245
Perfecting Your Craft â€¢ The bookly Blog	popup_title	161.0	21.0	13.043478260869565
bookly Stories	popup_title	161.0	21.0	13.043478260869565
BookBub For Authors: The Ultimate Guide (+ Free Submission Calendar)	popup_title	322.0	42.0	13.043478260869565
Tips for Finding Your Memoirâ€™s Theme	popup_title	161.0	21.0	13.043478260869565
How to Write a Nonfiction Book in 9 Steps: Finally Finish That Manuscript!	popup_title	161.0	21.0	13.043478260869565
Just the Beginning - A Weekly Writing Contest	popup_title	777.0	91.0	11.711711711711711
How Does bookly Select its Publishing Professionals?	popup_title	182.0	21.0	11.538461538461538
Worldbuilding: the Master Guide (with Template)	popup_title	17647.0	1988.0	11.265370884569617
The Real Marketing Value of a Professional Book Cover	popup_title	196.0	21.0	10.714285714285714
6 Steps For Building Your Author Mailing List	popup_title	420.0	42.0	10.0
How to Find a Poetry Editor in 5 Essential Steps	popup_title	378.0	35.0	9.25925925925926
Weekly Writing Contests	popup_title	672.0	56.0	8.333333333333332
8 Character Development Exercises to Help You Nail Your Character	popup_title	3857.0	308.0	7.985480943738657
Plot Development Writing Exercises	popup_title	266.0	21.0	7.894736842105263
Character Development 101: Writing Characters Readers Won't Forget	popup_title	11942.0	938.0	7.854630715123095
IngramSpark Review: Don't Use Until You Read This + PROMO CODE!	popup_title	1897.0	147.0	7.7490774907749085
How to Submit a Book Proposal in 3 Steps	popup_title	826.0	63.0	7.627118644067797
A Time for Action - A Weekly Writing Contest	popup_title	742.0	56.0	7.547169811320755
How to Write a Memorable Author Bio (with Template)	popup_title	11977.0	882.0	7.364114552893045
Amazon Ads For Authors: Two Case Studies Showing That They Do Work	popup_title	1050.0	77.0	7.333333333333333
Pro Tips: Turning your Blog into a Bestselling Book	popup_title	287.0	21.0	7.317073170731707
Browse free publishing courses â€¢ bookly Learning	popup_title	973.0	70.0	7.194244604316546
50+ Book Marketing Ideas to CRUSH Your Book Launch	popup_title	1281.0	91.0	7.103825136612022
How to Format a Book (the Free and Easy Way) â€¢ Ebook Formatting	popup_title	6041.0	392.0	6.488991888760139
How to Make Your Own Cookbook in 5 Simple Steps	popup_title	3717.0	238.0	6.4030131826742
How to Get Book Reviews in 5 Steps (2020 Update)	popup_title	1428.0	91.0	6.372549019607843
Pantsers and Plotters: Which Are You? (And Why It Matters)	popup_title	560.0	35.0	6.25
Ebook Distribution: The Complete Guide for New Authors	popup_title	1246.0	77.0	6.179775280898876
What is Ghostwriting? The Master Guide to Succeeding in the Industry	popup_title	343.0	21.0	6.122448979591836
Mark Dawson Shares His Secret Facebook Ads Strategy	popup_title	343.0	21.0	6.122448979591836
Kindle Cloud Reader 101: What It Is and How to Use It | bookly Discovery	popup_title	924.0	56.0	6.0606060606060606
How to Start a Novel: 8 Steps to the Perfect Opening Scene	popup_title	581.0	35.0	6.024096385542169
How to Write an Irresistible Romance (Free Course) â€¢ bookly	popup_title	364.0	21.0	5.769230769230769
The Ultimate List of Writing Contests in 2020 â€¢ Win Cash Prizes!	popup_title	35098.0	2002.0	5.704028719585161
Language Name Generator â€¢ The ULTIMATE Bank of 100,000+ Names	popup_title	371.0	21.0	5.660377358490567
Amazon Self-Publishing: How to Publish a Book With KDP	popup_title	1064.0	56.0	5.263157894736842
How to Write a Novel Using The Three-Act Structure	popup_title	8932.0	469.0	5.2507836990595615
Proofreading: What is it? And Can You Do it Yourself?	popup_title	1078.0	56.0	5.194805194805195
Introduction to Short Story Writing â€¢ How to Craft a Killer Short Story	popup_title	413.0	21.0	5.084745762711865
Book Cover Maker: Which DIY App Is Best for You?	popup_title	4011.0	203.0	5.06108202443281
What is a Plot Point? â€¢ How To Identify Turning Points in Books	popup_title	2562.0	126.0	4.918032786885246
How to Write a Query Letter in 7 Steps	popup_title	8218.0	399.0	4.855195911413969
How to Title a Book in 4 Simple Steps (With Free Checklist!)	popup_title	1890.0	91.0	4.814814814814815
Where to Submit Short Stories: 20 Places Accepting Submissions	popup_title	7161.0	343.0	4.789833822091887
Line Editing: What Is It and How Can It Help Your Book?	popup_title	1484.0	70.0	4.716981132075472
13 Kick-Ass Tips for Writing Fantasy Fiction	popup_title	11312.0	525.0	4.641089108910891
How to Write a Book in 15 Amazingly Simple Steps	popup_title	14658.0	679.0	4.632282712511939
Book Design: EVERYTHING You Need to Know	popup_title	1211.0	56.0	4.624277456647398
What is NaNoWriMo? And How to Win it in 2020	popup_title	455.0	21.0	4.615384615384616
15 of the Best Online Writing Communities for Aspiring Authors	popup_title	8372.0	378.0	4.51505016722408
How to Write a Novel: Writing an AMAZING Book in 15 Steps	popup_title	31059.0	1379.0	4.439936894297949
How to Write a Romance Novel ğŸ’–ğŸ“•	popup_title	5376.0	238.0	4.427083333333334
What is Urban Fantasy? Definition and Examples	popup_title	476.0	21.0	4.411764705882353
How to Become a Novelist (With Tips from Famous Authors!)	popup_title	476.0	21.0	4.411764705882353
How to Outline a Novel: the Master Guide (With Template!)	popup_title	16681.0	700.0	4.1963911036508605
How to Edit a Book 101: Checklist and Tips for Self-Editing	popup_title	1967.0	77.0	3.9145907473309607
How to Copyright a Book (in 10 Minutes Or Less)	popup_title	6818.0	266.0	3.9014373716632447
Book Cover Design: Create AMAZING Covers in Just 7 Steps	popup_title	7021.0	273.0	3.8883349950149553
The 12 BEST Self-Publishing Companies of 2020	popup_title	11690.0	434.0	3.7125748502994016
Best Fantasy and Science Fiction Writing Prompts of 2020	popup_title	2471.0	91.0	3.6827195467422094
How to Write an Amazon Book Description That SELLS	popup_title	2093.0	77.0	3.678929765886288
Your Guide to KDP: How to Succeed on Kindle Direct Publishing	popup_title	1533.0	56.0	3.65296803652968
How To Outline A Memoir: A 3-Step Guide To Organization	popup_title	1554.0	56.0	3.6036036036036037
50+ Free Online Writing Courses for Future Bestselling Authors	popup_title	973.0	35.0	3.597122302158273
How to Get a Literary Agent For Your Book	popup_title	7028.0	252.0	3.5856573705179287
Vellum Review: Read This Guide Before Using It!	popup_title	1589.0	56.0	3.524229074889868
Book Promotion Services 2020: The Best Free and Paid Promo Services	popup_title	2933.0	98.0	3.341288782816229
How to Promote Your Book: 8 Sales-Boosting Steps for Authors	popup_title	630.0	21.0	3.3333333333333335
How to Build a Rocking Author Media Kit: a 7-Step Template	popup_title	1050.0	35.0	3.3333333333333335
What is Flash Fiction? (And 6 Ways to Write Your Own)	popup_title	4907.0	161.0	3.2810271041369474
Best Dramatic Writing Prompts of 2020	popup_title	1281.0	42.0	3.278688524590164
Best General Writing Prompts of 2020	popup_title	644.0	21.0	3.260869565217391
20 Writing Tips to Help You Become a Better Writer Today	popup_title	2380.0	77.0	3.2352941176470593
Using the Snowflake Method to Write a Novel	popup_title	2219.0	70.0	3.1545741324921135
BookBaby Review: Read This First (+ Promo Codes!)	popup_title	1337.0	42.0	3.1413612565445024
Scrivener 3: Don't Use It Until You Read This!	popup_title	1785.0	56.0	3.1372549019607843
What is a Narrative Arc? â€¢ A Guide to Storytelling Structure	popup_title	7595.0	238.0	3.133640552995392
Pacing in Writing: 10 Powerful Ways to Keep Readers Hooked	popup_title	1372.0	42.0	3.061224489795918
How to Build the Back of a Book Cover (with Template)	popup_title	3479.0	105.0	3.0181086519114686
How to Write a Compelling Character Arc in Just 3 Steps	popup_title	6048.0	182.0	3.009259259259259
How to Start a Publishing Company in 5 Steps: 2020 Edition	popup_title	6006.0	175.0	2.9137529137529135
Best Historical Fiction Writing Prompts of 2020	popup_title	721.0	21.0	2.912621359223301
Is It Better to Self-Publish or Get a Publisher? An Author's Guide	popup_title	721.0	21.0	2.912621359223301
Character Motivation: How to Write Believable Characters	popup_title	2674.0	77.0	2.8795811518324608
About the Author Examples (That You'll Actually Want to Read)	popup_title	8820.0	252.0	2.857142857142857
Steps for Putting Together a Great Anthology	popup_title	742.0	21.0	2.8301886792452833
Drama Plot Generator â€¢ The Ultimate Bank of 500,000+ Plots	popup_title	2240.0	63.0	2.8125
How to Become a Ghostwriter in 8 Steps (PLUS One New Bonus Tip)	popup_title	1498.0	42.0	2.803738317757009
8 TV Shows That Will Make You a Better Novelist	popup_title	756.0	21.0	2.7777777777777777
68 Book Cover Ideas to Take Your Book Cover from Bland to Brilliant	popup_title	4060.0	112.0	2.7586206896551726
How to Get an ISBN in 10 Minutes (or Less!): the Master Guide for 2019	popup_title	6671.0	182.0	2.728226652675761
How to Write Natural Dialogue in 11 Steps, With Examples!	popup_title	6748.0	182.0	2.6970954356846475
Dynamic Characters vs. Static Characters: Definitions and Differences	popup_title	1337.0	35.0	2.6178010471204187
How to Become a Book Cover Designer: the Master Guide	popup_title	1624.0	42.0	2.586206896551724
The 50 Best Writing Websites of 2020: For All Your Writing Needs	popup_title	2170.0	56.0	2.5806451612903225
Theme 101: What Is It and Why It Matters (with 10+ Actual Examples!)	popup_title	4417.0	112.0	2.535657686212361
Book Illustration: 25 Beautiful Examples	popup_title	833.0	21.0	2.5210084033613445
How to Write a Children's Picture Book in 8 Steps	popup_title	1694.0	42.0	2.479338842975207
40+ Best Print Book Distributors in 2019: the Ultimate Guide	popup_title	1708.0	42.0	2.459016393442623
Mentor Name Generator â€¢ The ULTIMATE Bank of 50,000+ Names	popup_title	1715.0	42.0	2.4489795918367347
How to Write a Short Story in 7 Steps	popup_title	34825.0	819.0	2.351758793969849
20 Amazing Children's Book Illustrators (and How to Hire Them)	popup_title	5453.0	126.0	2.3106546854942236
The Best Novel Writing Software of 2020 (+ 4 Free Writing Programs)	popup_title	12726.0	294.0	2.31023102310231
The Best Independent Publishers in 2020	popup_title	3353.0	77.0	2.2964509394572024
Lulu Publishing Review: READ THIS Before You Use Them!	popup_title	1834.0	42.0	2.2900763358778624
CreateSpace is DEAD. Here's what you need to know.	popup_title	4949.0	112.0	2.263083451202263
The 50 BEST Online Critique Circle to Take Your Writing to the Next Level	popup_title	952.0	21.0	2.2058823529411766
What is the Best Service for Print on Demand Books?	popup_title	8372.0	182.0	2.1739130434782608
20 Largest Book Publishers in 2020 That Every Author Should Know	popup_title	36351.0	784.0	2.156749470440978
How Many Words in a Novel? The ULTIMATE Guide To Novel Length	popup_title	14966.0	315.0	2.104770813844715
Typesetting 101: The Only Guide to Interior Book Design You Need	popup_title	4340.0	91.0	2.0967741935483875
How to Write a Thriller in 7 Heart-Stopping Steps	popup_title	7056.0	147.0	2.083333333333333
Romance Book Title Generator â€¢ The Ultimate Bank of 10,000 Titles	popup_title	53858.0	1099.0	2.040551078762672
Sidekick Name Generator â€¢ The ULTIMATE Bank of 50,000+ Names	popup_title	1736.0	35.0	2.0161290322580645
Fantasy Book Title Generator â€¢ The Ultimate Bank of 10,000 Titles	popup_title	45857.0	903.0	1.9691650129751184
13 Author Websites That Get It Right	popup_title	8232.0	161.0	1.9557823129251701
How to Self-Publish a Book in 2020: 7 Steps to Bestselling Success	popup_title	16926.0	329.0	1.943755169561621
Best Mystery Writing Prompts of 2020	popup_title	2191.0	42.0	1.9169329073482428
Mystery Book Title Generator â€¢ The Ultimate Bank of 10,000 Titles	popup_title	18655.0	357.0	1.9136960600375235
The Best Book Review Blogs in 2020 â€¢ How to Get Your Book Reviewed	popup_title	5950.0	112.0	1.8823529411764703
Pen Name Generator â€¢ The Ultimate Bank of 1,000,000+ Pseudonyms	popup_title	27209.0	504.0	1.852328273732956
How to Punctuate Dialogue: 12 Must-Know Rules for Writers	popup_title	2296.0	42.0	1.8292682926829267
150+ Powerful Character Mannerisms to Define Your Characters	popup_title	8260.0	147.0	1.7796610169491527
READ THIS Before You Enroll in KDP Select!	popup_title	5943.0	105.0	1.76678445229682
How to Write a Children's Book in 7 Surprisingly Simple Steps	popup_title	8449.0	147.0	1.739850869925435
How to Write a Book Blurb that Sells (with Examples)	popup_title	9268.0	161.0	1.7371601208459215
How to Get a Book Published: Your Guide to Success in 2020	popup_title	10682.0	182.0	1.7038007863695939
How to Hire a Ghostwriter You Actually Trust in 9 Simple Steps	popup_title	2471.0	42.0	1.69971671388102
How to Write a Poem in 8 Steps (with Tips from a Poetry Editor)	popup_title	2492.0	42.0	1.6853932584269662
How to Publish a Children's Book in 6 Simple Steps	popup_title	28077.0	469.0	1.6704063824482671
The Ultimate List of 100+ Creative Writing Exercises for Fiction Writers	popup_title	4662.0	77.0	1.6516516516516515
700+ Creative Writing Prompts To Inspire You Right Now	popup_title	68978.0	1120.0	1.6237061091942357
The Dan Harmon Story Circle: 8 Steps to a Powerful Structure	popup_title	21126.0	343.0	1.6235917826375081
How to Write a Picture Book Query Letter in 6 Simple Steps	popup_title	2177.0	35.0	1.607717041800643
How Long Does It Take To Write a Book? Find Out Here	popup_title	3500.0	56.0	1.6
BookTube Channel Guide â€¢ A Curated List of 100+ BookTubers	popup_title	1323.0	21.0	1.5873015873015872
Sci-fi Book Title Generator â€¢ The Ultimate Bank of 10,000 Titles	popup_title	17395.0	273.0	1.5694164989939636
How to Start a Story: Must-Have Tips From 11 Professional Editors	popup_title	10283.0	161.0	1.5656909462219197
How to Choose the Right Book Cover Dimensions in 3 Simple Steps	popup_title	5831.0	91.0	1.56062424969988
Character Descriptions: How To Write Them (in 3 Steps)	popup_title	6790.0	105.0	1.5463917525773196
What are the Romance Subgenres? (And How to Pick One)	popup_title	2723.0	42.0	1.5424164524421593
Celtic Mythology Name Generator â€¢ The ULTIMATE Bank of 50,000+ Names	popup_title	1365.0	21.0	1.5384615384615385
The 16 Best Writing Apps to Boost Your Writing in 2020	popup_title	10528.0	161.0	1.5292553191489362
How to Come Up with an Iconic Character Name in 12 Steps	popup_title	6188.0	91.0	1.4705882352941175
Crime Book Title Generator â€¢ The Ultimate Bank of 10,000 Titles	popup_title	21637.0	315.0	1.455839534131349
20 Modern Fairy Tales to Fall in Love With | bookly Discovery	popup_title	1498.0	21.0	1.4018691588785046
100+ Best Literary Magazines: the Only Directory You'll Need in 2020	popup_title	1526.0	21.0	1.3761467889908259
What is a Motif? â€” Definition and 10 Must-Know Examples	popup_title	6720.0	91.0	1.3541666666666667
Japanese Mythology Name Generator â€¢ The ULTIMATE Bank of 50,000+ Names	popup_title	3136.0	42.0	1.3392857142857142
What Is A Flat Character? â€” Definition and Definitive Examples	popup_title	1589.0	21.0	1.3215859030837005
How to Write a Horror Story: 7 Tips for Writing Horror	popup_title	12215.0	161.0	1.3180515759312321
What is Foreshadowing?â€”Definition and 10 Gripping Examples	popup_title	1624.0	21.0	1.293103448275862
Copyediting certificates: do you need one and where to get it?	popup_title	3283.0	42.0	1.279317697228145
What Is Purple Prose? (and 4 Expert Tips on Fixing It In Your Writing)	popup_title	1645.0	21.0	1.276595744680851
How to Make a Book in 5 Ultra-Simple Steps	popup_title	3325.0	42.0	1.263157894736842
What Is a Preface? (And Is It the Same as an Introduction or Foreword?)	popup_title	5628.0	70.0	1.2437810945273633
Hero's Journey 101: Definition and Step-by-Step Guide (With Checklist!)	popup_title	31143.0	385.0	1.2362328613171498
25 Flash Fiction Stories Worth (A Small Amount) of Your Time | bookly Discovery	popup_title	1736.0	21.0	1.2096774193548387
30 Rhetorical Devices â€” And How to Use Them	popup_title	30121.0	364.0	1.2084592145015105
Types of Conflict 101: Definition and Must-Know Tips (With Examples!)	popup_title	4641.0	56.0	1.206636500754148
Author Scams and Publishing Companies to Avoid	popup_title	10570.0	126.0	1.1920529801324504
9 Types of Editing: Which One Do You Need Right Now?	popup_title	4732.0	56.0	1.183431952662722
Writing Young Adult Fiction: An Editorâ€™s Guide to Awesome YA	popup_title	2996.0	35.0	1.1682242990654206
How to Start a Freelance Editing Business: 10 Actionable Tips	popup_title	1806.0	21.0	1.1627906976744187
Fantasy Plot Generator â€¢ The Ultimate Bank of 500,000+ Plots	popup_title	4823.0	56.0	1.1611030478955007
265+ Forceful Verbs to Turn You Into a Literary Tyrannosaurus	popup_title	4851.0	56.0	1.1544011544011543
How to Write a Comic Book, According to a Veteran Comics Editor	popup_title	1841.0	21.0	1.1406844106463878
Book Title Generator â€¢ The Ultimate Bank of 10,000 Titles	popup_title	73199.0	833.0	1.1379936884383668
Welsh Name Generator â€¢ The ULTIMATE Bank of 50,000+ Names	popup_title	1862.0	21.0	1.1278195488721803
11 Popular Romance Tropes â€” and How to Make Them New Again	popup_title	6209.0	70.0	1.1273957158962795
Extended Metaphors: Definition, Examples and more!	popup_title	1897.0	21.0	1.107011070110701
100 Books to Read Before You Die | bookly Discovery	popup_title	18494.0	203.0	1.097653292959879
How to Write a Memoir: Tell Your Amazing Story in 8 Steps	popup_title	1988.0	21.0	1.056338028169014
The 21 Best Novels of the 21st Century | bookly Discovery	popup_title	3339.0	35.0	1.0482180293501049
14 Mark Twain Books That Everyone Should Read | bookly Discovery	popup_title	2009.0	21.0	1.0452961672473868
Parts of a Book: What Goes Into Front Matter and Back Matter?	popup_title	5796.0	56.0	0.966183574879227
How Long Should A Chapter Be? â€¢ The Master Guide To Chapter Length	popup_title	13139.0	126.0	0.9589770911028237
Amazon Self-Publishing Costs & Royalties: What You Need to Know	popup_title	4382.0	42.0	0.9584664536741214
How to Become a Childrenâ€™s Book Illustrator in 5 Simple Steps	popup_title	2205.0	21.0	0.9523809523809524
Hemingway App Review: Will it REALLY Improve Your Writing?	popup_title	2254.0	21.0	0.9316770186335404
70+ Plot Twist Ideas and Examples To Blow Your Readers Away	popup_title	27895.0	259.0	0.9284818067754078
90+ Metaphor Examples in Literature That You Need to Know	popup_title	34727.0	322.0	0.9272324128199959
What is a Prologue (and How to Write One): 7 Insider Tips from Editors	popup_title	3808.0	35.0	0.9191176470588236
12 Character Archetypes Every Writer Should Already Know	popup_title	17682.0	161.0	0.9105304829770388
20 Charles Dickens Books: Every Novel and Novella, Listed | bookly Discovery	popup_title	2310.0	21.0	0.9090909090909091
How Much Does It Cost to Publish a Book in 2020?	popup_title	15442.0	140.0	0.9066183136899365
150 Famous Writing Quotes to Inspire You Right Now	popup_title	6188.0	56.0	0.904977375565611
Point of View: First, Second & Third Person POV (With 70+ Examples!)	popup_title	9002.0	77.0	0.8553654743390358
Best Comedy Writing Prompts of 2020	popup_title	2457.0	21.0	0.8547008547008548
12 Types of Characters Featured in Almost All Stories	popup_title	21469.0	182.0	0.8477339419628301
Best Thriller and Suspense Writing Prompts of 2020	popup_title	2506.0	21.0	0.8379888268156425
Villain Name Generator â€¢ The ULTIMATE Bank of 50,000+ Names	popup_title	10913.0	91.0	0.8338678640153944
"250+ Other Words for ""Said"" to Enhance Your Dialogue"	popup_title	11186.0	91.0	0.8135168961201502
Plot Generator â€¢ The Ultimate Bank of 500,000+ Plots	popup_title	11186.0	91.0	0.8135168961201502
How to Choose Your Proofreading Rates: A Freelancerâ€™s Guide	popup_title	5250.0	42.0	0.8
Story Structure: Three Models For Your Book	popup_title	2660.0	21.0	0.7894736842105263
31 Best Short Stories and Collections Everyone Should Read | bookly Discovery	popup_title	5481.0	42.0	0.7662835249042145
Mandarin Chinese Name Generator â€¢ The ULTIMATE Bank of 50,000+ Names	popup_title	16492.0	126.0	0.7640067911714771
11 Interesting Short Stories That Could Change the Way You Think | bookly Discovery	popup_title	7378.0	56.0	0.7590132827324478
Show, Don't Tell: Tips and Examples of The Golden Rule	popup_title	16744.0	126.0	0.7525083612040134
Italian Name Generator â€¢ The ULTIMATE Bank of 50,000+ Names	popup_title	5684.0	42.0	0.7389162561576355
45+ Literary Devices and Terms Every Writer Should Know	popup_title	103278.0	763.0	0.7387827029957977
The 30 Best YA Fantasy Books for Teens | bookly Discovery	popup_title	2849.0	21.0	0.7371007371007371
Romance Plot Generator â€¢ The Ultimate Bank of 500,000+ Plots	popup_title	2849.0	21.0	0.7371007371007371
The 21 Best Writing Tools of 2020: A Guide for Writers	popup_title	7665.0	56.0	0.730593607305936
What are Beta Readers â€” and Where to Find Them in 2020 â€¢ bookly Blog	popup_title	4816.0	35.0	0.7267441860465116
What are the Standard Book Sizes in Publishing? â€¢ Your Guide to Trim Sizes	popup_title	27874.0	196.0	0.7031642390758412
17 Book Review Examples to Help You Write the Perfect Review | bookly Discovery	popup_title	28959.0	203.0	0.7009910563210056
Korean Name Generator â€¢ The ULTIMATE Bank of 50,000+ Names	popup_title	29113.0	203.0	0.6972830007213273
What is an Anti Hero? Definition â€” Plus 10 Examples!	popup_title	5103.0	35.0	0.6858710562414266
First Person Point of View: A Writer's Guide	popup_title	3178.0	21.0	0.6607929515418502
14 Popular Fantasy Tropes (and How to Revitalize Them)	popup_title	10612.0	70.0	0.6596306068601583
How to Publish a Book in 2020: A 10-Step Guide for New Authors	popup_title	5663.0	35.0	0.6180469715698393
What is Plot?â€”Definition, Examples, and Expert Tips from Editors	popup_title	3444.0	21.0	0.6097560975609756
How to Overcome Writer's Block (20 Tips That Really Work)	popup_title	9520.0	56.0	0.5882352941176471
Turkish Name Generator â€¢ The ULTIMATE Bank of 50,000+ Names	popup_title	3696.0	21.0	0.5681818181818182
How to Set Your Freelance Editing Rates	popup_title	7427.0	42.0	0.5655042412818096
Human Name Generator â€¢ The ULTIMATE Bank of 50,000+ Names	popup_title	20447.0	112.0	0.5477576172543649
Old English Name Generator â€¢ The ULTIMATE Bank of 50,000+ Names	popup_title	18102.0	98.0	0.5413766434648105
Old Celtic Name Generator â€¢ The ULTIMATE Bank of 50,000+ Names	popup_title	7798.0	42.0	0.5385996409335727
English Name Generator â€¢ The ULTIMATE Bank of 50,000+ Names	popup_title	51114.0	266.0	0.5204053683922213
Japanese Name Generator â€¢ The ULTIMATE Bank of 50,000+ Names	popup_title	98028.0	497.0	0.5069980005712653
Best Romance Writing Prompts of 2020	popup_title	4249.0	21.0	0.4942339373970346
Character Name Generator â€¢ The ULTIMATE Bank of 2,000,000+ Names	popup_title	30387.0	147.0	0.48375950241879756
Arabic Name Generator â€¢ The ULTIMATE Bank of 50,000+ Names	popup_title	11585.0	56.0	0.4833836858006042
Protagonist and Antagonist: How Are They Different?	popup_title	4354.0	21.0	0.482315112540193
150+ Useful Character Quirks (Plus a Few ClichÃ©s to Avoid)	popup_title	21952.0	105.0	0.47831632653061223
French Name Generator â€¢ The ULTIMATE Bank of 50,000+ Names	popup_title	7413.0	35.0	0.4721435316336166
Elf Name Generator â€¢ The ULTIMATE Bank of 50,000+ Names	popup_title	19362.0	91.0	0.4699927693420101
What is an Unreliable Narrator? Definition and 6 Real Examples	popup_title	4620.0	21.0	0.45454545454545453
Kindle Unlimited: Is It Worth $9.99/Month? | bookly Discovery	popup_title	10129.0	42.0	0.414651002073255
How to Write an Incredible Synopsis in 4 Simple Steps	popup_title	13762.0	56.0	0.40691759918616477
EPUB vs mobi: Which eBook Format Should You Use?	popup_title	8932.0	35.0	0.3918495297805642
How to Become an Editor: A 6-Step Guide for Beginners	popup_title	8967.0	35.0	0.39032006245121
The 16 Best Dean Koontz Books Every Fan Should Read | bookly Discovery	popup_title	6062.0	21.0	0.3464203233256351
20 Magical Books Like Harry Potter | bookly Discovery	popup_title	6076.0	21.0	0.3456221198156682
115 Best Young Adult Books of All Time | bookly Discovery	popup_title	31675.0	105.0	0.3314917127071823
The Ultimate Guide to Reading the Star Wars Books | bookly Discovery	popup_title	7343.0	21.0	0.2859866539561487
Russian Name Generator â€¢ The ULTIMATE Bank of 50,000+ Names	popup_title	7462.0	21.0	0.28142589118198874
What is Irony? The Most Common Types of Irony (with Examples)	popup_title	20797.0	56.0	0.26926960619320095
25 Best Romance Authors And Their Most Swoonworthy Reads | bookly Discovery	popup_title	8547.0	21.0	0.2457002457002457
How to Create a Copyright Page in 5 Minutes (with Template)	popup_title	9079.0	21.0	0.2313030069390902
11 BEST Ernest Hemingway Books in Chronological Order | bookly Discovery	popup_title	9471.0	21.0	0.22172949002217296
Old Norse Name Generator â€¢ The ULTIMATE Bank of 50,000+ Names	popup_title	26292.0	56.0	0.21299254526091588
Greek Mythology Name Generator â€¢ The ULTIMATE Bank of 50,000+ Names	popup_title	13461.0	21.0	0.15600624024961
The 50 Best Suspense Books of All Time | bookly Discovery	popup_title	25298.0	21.0	0.08301051466519092
The 30 Best Biographies of All Time | bookly Discovery	popup_title	31605.0	21.0	0.0664451827242525
ï»¿â€‹How Many Words in a Novel? The ULTIMATE Guide To Novel Length	popup_title	21.0	0.0	0.0
ï»¿ï»¿ï»¿Character Name Generator â€¢ The ULTIMATE Bank of 2,000,000+ Names	popup_title	21.0	0.0	0.0
Norse Mythology Name Generator â€¢ The ULTIMATE Bank of 50,000+ Names	popup_title	3164.0	0.0	0.0
Novel Revision: Practical Tips for Rewrites (Free Course) â€¢ bookly	popup_title	21.0	0.0	0.0
ï»¿ï»¿ï»¿Fantasy Book Title Generator â€¢ The Ultimate Bank of 10,000 Titles	popup_title	42.0	0.0	0.0
Secrets of Self-Publishing Success with Alessandra Torre â€¢ bookly Live	popup_title	56.0	0.0	0.0
Niveeidha Palani â€“ bookly Prompts	popup_title	21.0	0.0	0.0
ï»¿â€‹Elf Name Generator â€¢ The ULTIMATE Bank of 50,000+ Names	popup_title	21.0	0.0	0.0
Self-Publishing Tips from one of the UK's Bestselling Authors	popup_title	21.0	0.0	0.0
Professional Copyeditors Polish Extracts Submitted by Authors	popup_title	56.0	0.0	0.0
Novel Synopsis Example: Is This Tomorrow by Caroline Leavitt	popup_title	42.0	0.0	0.0
ï»¿â€‹How to Write Natural Dialogue in 11 Steps, With Examples!	popup_title	21.0	0.0	0.0
Novel Writing 101 (Free Course) â€¢ bookly	popup_title	91.0	0.0	0.0
Second Person Point of View: A Writer's Guide	popup_title	4109.0	0.0	0.0
ï»¿â€‹30 Rhetorical Devices â€” And How to Use Them	popup_title	21.0	0.0	0.0
O que Ã© um Anti-VilÃ£o? (Com definiÃ§Ãµes e exemplos)	popup_title	21.0	0.0	0.0
Obtenga dinero por leer: 17 sitios legÃ­timos que pagan a los revisores | bookly Discovery	popup_title	35.0	0.0	0.0
Old English Name Generator â€¢ ULTIMATE Bank med 50 000+ namn	popup_title	21.0	0.0	0.0
Sci-Fi Plot Generator â€¢ The Ultimate Bank of 500,000+ Plots	popup_title	2233.0	0.0	0.0
Sandra Lester â€“ bookly Prompts	popup_title	21.0	0.0	0.0
S s mukharjee Madivada â€“ bookly Prompts	popup_title	21.0	0.0	0.0
Ruth Porritt â€“ bookly Prompts	popup_title	21.0	0.0	0.0
ï»¿â€‹Character Development 101: Writing Characters Readers Won't Forget	popup_title	21.0	0.0	0.0
Nick Stephenson on Reader Magnets and Amazon SEO â€¢ bookly	popup_title	56.0	0.0	0.0
ï»¿ï»¿ï»¿God Name Generator â€¢ The ULTIMATE Bank of 100,000+ Names	popup_title	21.0	0.0	0.0
Old German Name Generator â€¢ The ULTIMATE Bank of 50,000+ Names	popup_title	3199.0	0.0	0.0
ï»¿EPUB vs mobi: Which eBook Format Should You Use?	popup_title	21.0	0.0	0.0
ï»¿English Name Generator â€¢ The ULTIMATE Bank of 50,000+ Names	popup_title	21.0	0.0	0.0
Mystery Plot Generator â€¢ The Ultimate Bank of 500,000+ Plots	popup_title	2506.0	0.0	0.0
MÃ¡s de 150 poderosos manierismos de personajes para definir tus personajes	popup_title	21.0	0.0	0.0
ï»¿ï»¿ï»¿â€‹Russian Name Generator â€¢ The ULTIMATE Bank of 50,000+ Names	popup_title	21.0	0.0	0.0
MÃ¡s de 45 dispositivos y tÃ©rminos literarios que todo escritor debe saber	popup_title	21.0	0.0	0.0
MÃ¡s de 700 mensajes de escritura creativa para inspirarte ahora mismo	popup_title	21.0	0.0	0.0
NasÄ±l EditÃ¶r Olunur: Yeni BaÅŸlayanlar Ä°Ã§in 6 AdÄ±mlÄ± KÄ±lavuz	popup_title	21.0	0.0	0.0
ï»¿Fantasy Book Title Generator â€¢ The Ultimate Bank of 10,000 Titles	popup_title	42.0	0.0	0.0
Standpunt: eerste, tweede en derde persoon POV (met meer dan 70 voorbeelden!)	popup_title	21.0	0.0	0.0
Spansk namngenerator â€¢ ULTIMATE-banken med 50 000+ namn	popup_title	21.0	0.0	0.0
Spanish Name Generator â€¢ The ULTIMATE Bank of 50,000+ Names	popup_title	10269.0	0.0	0.0
NejlepÅ¡Ã­ prÅ¯vodce ÄtenÃ­m knih o Star Wars bookly Discovery	popup_title	21.0	0.0	0.0
ï»¿Just the Beginning - A Weekly Writing Contest	popup_title	21.0	0.0	0.0
Six common writing mistakes by first-time authors	popup_title	322.0	0.0	0.0
NetGalley: How Does It Work for Reviewers? | bookly Discovery	popup_title	378.0	0.0	0.0
ï»¿Mystery Book Title Generator â€¢ The Ultimate Bank of 10,000 Titles	popup_title	42.0	0.0	0.0
ï»¿ï»¿ï»¿â€‹30 Rhetorical Devices â€” And How to Use Them	popup_title	21.0	0.0	0.0
New: Author Profiles on the bookly Network	popup_title	21.0	0.0	0.0
ï»¿ï»¿ï»¿Romance Plot Generator â€¢ The Ultimate Bank of 500,000+ Plots	popup_title	21.0	0.0	0.0
Should You Publish with a Small Press in 2020?	popup_title	413.0	0.0	0.0
ï»¿Old Roman Name Generator â€¢ The ULTIMATE Bank of 50,000+ Names	popup_title	21.0	0.0	0.0
Shaelin's NaNoWriMo Story	popup_title	56.0	0.0	0.0
ï»¿Plot Generator â€¢ The Ultimate Bank of 500,000+ Plots	popup_title	42.0	0.0	0.0
Setting Writing Exercises	popup_title	182.0	0.0	0.0
ï»¿Romance Book Title Generator â€¢ The Ultimate Bank of 10,000 Titles	popup_title	21.0	0.0	0.0
ï»¿The Ultimate List of Writing Contests in 2020 â€¢ Win Cash Prizes!	popup_title	21.0	0.0	0.0
ï»¿â€‹Japanese Name Generator â€¢ The ULTIMATE Bank of 50,000+ Names	popup_title	42.0	0.0	0.0
ï»¿â€‹â€‹45+ Literary Devices and Terms Every Writer Should Know	popup_title	21.0	0.0	0.0
ï»¿ï»¿ï»¿700+ Creative Writing Prompts To Inspire You Right Now	popup_title	21.0	0.0	0.0
ï»¿ï»¿70+ Plot Twist Ideas and Examples To Blow Your Readers Away	popup_title	21.0	0.0	0.0
Poetry Submissions: Top Places To Submit Your Poems in 2020	popup_title	364.0	0.0	0.0
Ponto de vista: POV em primeira, segunda e terceira pessoa (com mais de 70 exemplos!)	popup_title	21.0	0.0	0.0
Preptober: 15 Steps for Conquering NaNoWriMo in 2020	popup_title	56.0	0.0	0.0
Pricing Books for International Readers (Free Course) â€¢ bookly	popup_title	42.0	0.0	0.0
Print and Distribute Your Book with Blurb and bookly	popup_title	35.0	0.0	0.0
Print-On-Demand vs Offset Printing: Which Is Better? (with Examples)	popup_title	343.0	0.0	0.0
ï»¿ï»¿â€‹The Ultimate List of Writing Contests in 2020 â€¢ Win Cash Prizes!	popup_title	21.0	0.0	0.0
ï»¿ï»¿â€‹Pacing in Writing: 10 Powerful Ways to Keep Readers Hooked	popup_title	21.0	0.0	0.0
R Kon â€“ bookly Prompts	popup_title	21.0	0.0	0.0
ï»¿â€‹ï»¿Character Name Generator â€¢ The ULTIMATE Bank of 2,000,000+ Names	popup_title	21.0	0.0	0.0
ï»¿â€‹ï»¿English Name Generator â€¢ The ULTIMATE Bank of 50,000+ Names	popup_title	21.0	0.0	0.0
Quali sono i sottogeneri romantici? (E come sceglierne uno)	popup_title	21.0	0.0	0.0
ï»¿â€‹ï»¿Plot Generator â€¢ The Ultimate Bank of 500,000+ Plots	popup_title	21.0	0.0	0.0
ï»¿ï»¿â€‹11 Popular Romance Tropes â€” and How to Make Them New Again	popup_title	21.0	0.0	0.0
ï»¿ï»¿The Ultimate List of Writing Contests in 2020 â€¢ Win Cash Prizes!	popup_title	21.0	0.0	0.0
ï»¿â€‹ï»¿â€‹How to Write a Novel: Writing an AMAZING Book in 15 Steps	popup_title	21.0	0.0	0.0
Protagonis dan Antagonis: Bagaimana Mereka Berbeda?	popup_title	42.0	0.0	0.0
ï»¿â€‹ï»¿â€‹How to Write a Short Story in 7 Steps	popup_title	21.0	0.0	0.0
ï»¿ï»¿Romance Plot Generator â€¢ The Ultimate Bank of 500,000+ Plots	popup_title	21.0	0.0	0.0
ï»¿ï»¿Romance Book Title Generator â€¢ The Ultimate Bank of 10,000 Titles	popup_title	21.0	0.0	0.0
ï»¿â€‹ï»¿â€‹Old Norse Name Generator â€¢ The ULTIMATE Bank of 50,000+ Names	popup_title	21.0	0.0	0.0
ï»¿ï»¿How to Create a Character Profile: the Ultimate Guide (with Template)	popup_title	21.0	0.0	0.0
Startups in Publishing â€“ IPR License	popup_title	21.0	0.0	0.0
ï»¿â€‹ï»¿ï»¿Book Cover Design: Create AMAZING Covers in Just 7 Steps	popup_title	21.0	0.0	0.0
ï»¿ï»¿Character Name Generator â€¢ The ULTIMATE Bank of 2,000,000+ Names	popup_title	21.0	0.0	0.0
ï»¿â€‹ï»¿ï»¿Japanese Name Generator â€¢ The ULTIMATE Bank of 50,000+ Names	popup_title	21.0	0.0	0.0
Proofreading Marks 101: What Do These Squiggles Mean?	popup_title	1295.0	0.0	0.0
ï»¿â€‹â€‹ï»¿ï»¿Villain Name Generator â€¢ The ULTIMATE Bank of 50,000+ Names	popup_title	21.0	0.0	0.0
ï»¿â€‹â€‹ï»¿ï»¿Plot Generator â€¢ The Ultimate Bank of 500,000+ Plots	popup_title	21.0	0.0	0.0
ï»¿â€‹â€‹ï»¿ï»¿How to Make Your Own Cookbook in 5 Simple Steps	popup_title	21.0	0.0	0.0
Roman NasÄ±l YazÄ±lÄ±r: 15 AdÄ±mda Ä°NANILMAZ Bir Kitap Yazma	popup_title	21.0	0.0	0.0
Rus Ä°sim Ãœreticisi â€¢ 50.000+ Ä°smin ULTIMATE BankasÄ±	popup_title	21.0	0.0	0.0
Rory Freed â€“ bookly Prompts	popup_title	21.0	0.0	0.0
ï»¿â€‹â€‹â€‹Romance Book Title Generator â€¢ The Ultimate Bank of 10,000 Titles	popup_title	21.0	0.0	0.0
Old Roman Name Generator â€¢ The ULTIMATE Bank of 50,000+ Names	popup_title	5999.0	0.0	0.0
Optimizing Amazon Ads for Authors (Free Course) â€¢ bookly	popup_title	77.0	0.0	0.0
ï»¿ï»¿ï»¿12 Character Archetypes Every Writer Should Already Know	popup_title	21.0	0.0	0.0
ï»¿ï»¿â€‹ï»¿The Ultimate List of Writing Contests in 2020 â€¢ Win Cash Prizes!	popup_title	21.0	0.0	0.0
Romance Book Title Generator â€¢ El Ãºltimo banco de 10,000 tÃ­tulos	popup_title	21.0	0.0	0.0
Passive Voice vs. Active Voice: FINALLY Understand the Difference	popup_title	616.0	0.0	0.0
Pembuat Judul Buku Romantis â€¢ The Ultimate Bank of 10.000 Judul	popup_title	21.0	0.0	0.0
Romance Book Title Generator â€¢ Die ultimative Bank mit 10.000 Titeln	popup_title	91.0	0.0	0.0
ï»¿ï»¿â€‹ï»¿Japanese Name Generator â€¢ The ULTIMATE Bank of 50,000+ Names	popup_title	21.0	0.0	0.0
Roman Mythology Name Generator â€¢ The ULTIMATE Bank of 50,000+ Names	popup_title	1246.0	0.0	0.0
ï»¿ï»¿â€‹â€‹Book Title Generator â€¢ The Ultimate Bank of 10,000 Titles	popup_title	21.0	0.0	0.0
ï»¿ï»¿â€‹â€‹â€‹How to Create a Copyright Page in 5 Minutes (with Template)	popup_title	21.0	0.0	0.0
Pen Name Generator â€¢ Die ultimative Bank mit mehr als 1.000.000 Pseudonymen	popup_title	35.0	0.0	0.0
Rewriting your Book Description with Bryan Cohen	popup_title	21.0	0.0	0.0
Perangkat Lunak Penulisan Novel Terbaik tahun 2020 (+ 4 Program Penulisan Gratis)	popup_title	21.0	0.0	0.0
Recenzja aplikacji Hemingway: Czy NAPRAWDÄ˜ poprawi Twoje pisanie?	popup_title	21.0	0.0	0.0
Reaching out to book reviewers with Ben Cameron â€¢ booklyLive	popup_title	21.0	0.0	0.0
ï»¿ï»¿â€‹â€‹The 21 Best Writing Tools of 2020: A Guide for Writers	popup_title	21.0	0.0	0.0
Rashel Brase â€“ bookly Prompts	popup_title	21.0	0.0	0.0
Personalizing Your Query Letters [Webinar] â€¢ bookly Live	popup_title	91.0	0.0	0.0
Randi W â€“ bookly Prompts	popup_title	21.0	0.0	0.0
Ramesh Suria â€“ bookly Prompts	popup_title	21.0	0.0	0.0
ï»¿ï»¿â€‹â€‹Fantasy Name Generator â€¢ The ULTIMATE Bank of 100,000+ Names	popup_title	21.0	0.0	0.0
Ğ“ĞµĞ½ĞµÑ€Ğ°Ñ‚Ğ¾Ñ€ ĞĞ½Ğ³Ğ»Ğ¸Ğ¹ÑĞºĞ¾Ğ³Ğ¾ Ğ˜Ğ¼ĞµĞ½Ğ¸ â€¢ Ğ£Ğ›Ğ¬Ğ¢Ğ ĞĞœĞĞ¢ĞĞ«Ğ™ Ğ‘Ğ°Ğ½Ğº 50 000+ Ğ˜Ğ¼ĞµĞ½	popup_title	21.0	0.0	0.0
The 20 Best Haruki Murakami Books, Ranked | bookly Discovery	popup_title	3969.0	0.0	0.0
Stepping Back After the First Draft â€¢ How to Craft a Killer Short Story	popup_title	42.0	0.0	0.0
What to expect from your book cover designer	popup_title	91.0	0.0	0.0
What is an Anti-Villain? (With Definitions and Examples)	popup_title	4382.0	0.0	0.0
What is an Epigraph? An Author's Guide	popup_title	658.0	0.0	0.0
à¥©à¥¦ à¤ªà¥Œà¤°à¤¾à¤£à¤¿à¤• à¤ªà¥à¤°à¤¾à¤£à¥€ (à¤”à¤° à¤‰à¤¨à¥à¤¹à¥‡à¤‚ à¤•à¤¹à¤¾à¤ à¤–à¥‹à¤œà¥‡à¤‚) ures | à¤°à¥€à¤¡à¤¸à¥€ à¤¡à¤¿à¤¸à¥à¤•à¤µà¤°à¥€	popup_title	21.0	0.0	0.0
What is an Epilogue? Definition and Step-by-Step Guide	popup_title	1680.0	0.0	0.0
à¤¬à¥‡à¤¸à¥à¤Ÿ à¤¨à¥‰à¤µà¥‡à¤² à¤°à¤¾à¤‡à¤Ÿà¤¿à¤‚à¤— à¤¸à¥‰à¤«à¥à¤Ÿà¤µà¥‡à¤¯à¤° à¤‘à¤«à¤¼ 2020 (+ 4 à¤«à¥à¤°à¥€ à¤°à¤¾à¤‡à¤Ÿà¤¿à¤‚à¤— à¤ªà¥à¤°à¥‹à¤—à¥à¤°à¤¾à¤®à¥à¤¸)	popup_title	21.0	0.0	0.0
à¤¬à¥à¤• à¤•à¤µà¤° à¤¡à¤¿à¤œà¤¾à¤‡à¤¨: à¤¸à¤¿à¤°à¥à¤« 7 à¤šà¤°à¤£à¥‹à¤‚ à¤®à¥‡à¤‚ à¤…à¤¦à¥à¤­à¥à¤¤ à¤•à¤µà¤° à¤¬à¤¨à¤¾à¤à¤‚	popup_title	21.0	0.0	0.0
à¤¨à¤¾à¤¯à¤• à¤”à¤° à¤µà¤¿à¤°à¥‹à¤§à¥€: à¤µà¥‡ à¤•à¥ˆà¤¸à¥‡ à¤…à¤²à¤— à¤¹à¥ˆà¤‚?	popup_title	21.0	0.0	0.0
What to Do When You're Super Blocked â€¢ How to Build a Writing Routine	popup_title	21.0	0.0	0.0
à¤•à¥ˆà¤¸à¥‡ à¤²à¤¿à¤–à¥‡à¤‚ à¤à¤• à¤¡à¤°à¤¾à¤µà¤¨à¥€ à¤•à¤¹à¤¾à¤¨à¥€: à¤¹à¥‰à¤°à¤° à¤²à¤¿à¤–à¤¨à¥‡ à¤•à¥‡ 7 à¤Ÿà¤¿à¤ªà¥à¤¸	popup_title	21.0	0.0	0.0
à¦²à§Œà¦¹à¦¿à¦•à¦¤à¦¾ à¦•à§€? à¦²à§‹à¦¹à¦¾à¦° à¦¸à¦¬à¦šà§‡à¦¯à¦¼à§‡ à¦¸à¦¾à¦§à¦¾à¦°à¦£ à¦ªà§à¦°à¦•à¦¾à¦° (à¦‰à¦¦à¦¾à¦¹à¦°à¦£ à¦¸à¦¹)	popup_title	21.0	0.0	0.0
à¤‰à¤¦à¤¾à¤¹à¤°à¤£à¥‹à¤‚ à¤•à¥‡ à¤¸à¤¾à¤¥ 11 à¤šà¤°à¤£à¥‹à¤‚ à¤®à¥‡à¤‚ à¤ªà¥à¤°à¤¾à¤•à¥ƒà¤¤à¤¿à¤• à¤¸à¤‚à¤µà¤¾à¤¦ à¤•à¥ˆà¤¸à¥‡ à¤²à¤¿à¤–à¥‡à¤‚!	popup_title	21.0	0.0	0.0
Why Diversity in the Comic Book World Matters To Me	popup_title	35.0	0.0	0.0
Why I Self-Publish My Literary Fiction	popup_title	56.0	0.0	0.0
ÙˆØ¬Ù‡Ø© Ù†Ø¸Ø±: POV Ø§Ù„Ø´Ø®Øµ Ø§Ù„Ø£ÙˆÙ„ ÙˆØ§Ù„Ø«Ø§Ù†ÙŠ ÙˆØ§Ù„Ø«Ø§Ù„Ø« (Ù…Ø¹ 70+ Ø£Ù…Ø«Ù„Ø©!)	popup_title	21.0	0.0	0.0
ÙˆØ¬Ù‡Ø© Ù†Ø¸Ø± Ø§Ù„Ø´Ø®Øµ Ø§Ù„Ø£ÙˆÙ„: Ø¯Ù„ÙŠÙ„ Ø§Ù„ÙƒØ§ØªØ¨	popup_title	56.0	0.0	0.0
Why You Can't Market A Book You're Not 100% Proud Of: An Interview	popup_title	21.0	0.0	0.0
Why You Might Want to Rethink Your Memoir	popup_title	21.0	0.0	0.0
Ù…ÙˆÙ„Ø¯ Ø¹Ù†ÙˆØ§Ù† Ø§Ù„ÙƒØªØ§Ø¨ â€¢ Ø§Ù„Ø¨Ù†Ùƒ Ø§Ù„Ù†Ù‡Ø§Ø¦ÙŠ Ù…Ù† 10000 Ø¹Ù†ÙˆØ§Ù†	popup_title	21.0	0.0	0.0
à¦à¦•à¦Ÿà¦¿ à¦‰à¦ªà¦¸à§à¦¥à¦¾à¦ªà¦¨à¦¾ à¦•à¦¿? (à¦à¦¬à¦‚ à¦à¦Ÿà¦¿ à¦•à¦¿ à¦­à§‚à¦®à¦¿à¦•à¦¾ à¦¬à¦¾ à¦ªà§‚à¦°à§à¦¬à¦¶à¦¬à§à¦¦ à¦¹à¦¿à¦¸à¦¾à¦¬à§‡ à¦à¦•à¦‡?)	popup_title	21.0	0.0	0.0
àª¹ aàª°àª° àªµàª¾àª°à«àª¤àª¾ àª•à«‡àªµà«€ àª°à«€àª¤à«‡ àª²àª–à«‹: àª¹roràª°àª° àª²àª–àªµàª¾ àª®àª¾àªŸà«‡ 7 àªŸàª¿àªªà«àª¸	popup_title	21.0	0.0	0.0
Ù…ÙˆØ¶ÙˆØ¹ 101: Ú†ÛŒØ³Øª Ùˆ Ú†Ø±Ø§ Ø§Ù‡Ù…ÛŒØª Ø¯Ø§Ø±Ø¯ (Ø¨Ø§ 10 Ù†Ù…ÙˆÙ†Ù‡ Ù…Ø«Ø§Ù„ ÙˆØ§Ù‚Ø¹ÛŒ)	popup_title	21.0	0.0	0.0
â€‹â€‹â€‹â€‹ï»¿How to Create a Character Profile: the Ultimate Guide (with Template)	popup_title	21.0	0.0	0.0
â€œI'm a huge fan of self-publishingâ€ â€” By Lit. Agent David Fugate	popup_title	70.0	0.0	0.0
â€‹ï»¿â€‹â€‹What is Irony? The Most Common Types of Irony (with Examples)	popup_title	21.0	0.0	0.0
What Is Chekhov's Gunâ€”and 4 Simple Ways to Use It (With Examples!)	popup_title	1897.0	0.0	0.0
What Is Steampunk? 25 Defining Titles from This Speculative Genre | bookly Discovery	popup_title	455.0	0.0	0.0
What It's Like to Co-Write One Book With Ten Authors	popup_title	91.0	0.0	0.0
What Makes a Compelling Romance Novel?	popup_title	140.0	0.0	0.0
What are Sensitivity Readers? (And Should Authors Use Them?)	popup_title	2058.0	0.0	0.0
What are the Standard Book Sizes in Publishing? â€¢ You're Guide to Trim Sizes	popup_title	21.0	0.0	0.0
What do Literary Agents Do? (Free Course) â€¢ bookly	popup_title	21.0	0.0	0.0
à´“à´°àµ‹ à´à´´àµà´¤àµà´¤àµà´•à´¾à´°à´¨àµà´‚ à´‡à´¤à´¿à´¨à´•à´‚ à´…à´±à´¿à´àµà´à´¿à´°à´¿à´•àµà´•àµ‡à´£àµà´Ÿ 12 à´ªàµà´°à´¤àµ€à´• à´†àµ¼à´•àµà´•àµˆà´ªàµà´ªàµà´•àµ¾	popup_title	21.0	0.0	0.0
What is Creative Nonfiction? Memoirs, Literary Journalism, and More!	popup_title	434.0	0.0	0.0
â€‹â€‹Hybrid Publishers: What are they and should you TRUST them?	popup_title	21.0	0.0	0.0
á€¡á€á€»á€…á€ºá€‡á€¬á€á€ºá€œá€™á€ºá€¸á€á€…á€ºá€•á€¯á€’á€ºá€›á€±á€¸á€”á€Šá€ºá€¸ Write	popup_title	21.0	0.0	0.0
á€›á€­á€¯á€¸á€›á€¾á€„á€ºá€¸á€á€±á€¬á€¡á€†á€„á€·á€º (á†) á€†á€„á€·á€ºá€–á€¼á€„á€·á€ºá€˜á€¬á€á€¬á€•á€¼á€”á€ºá€‘á€¬á€¸á€á€±á€¬á€…á€¬á€¡á€¯á€•á€ºá€á€…á€ºá€¡á€¯á€•á€ºá€™á€Šá€ºá€á€­á€¯á€·á€›á€›á€¾á€­á€”á€­á€¯á€„á€ºá€á€”á€Šá€ºá€¸ - Ultimate Guide	popup_title	21.0	0.0	0.0
What is Indie Publishing? And How to Get Started in 2020	popup_title	357.0	0.0	0.0
What is Magical Realism? 15 Essential, Spell-Binding Books | bookly Discovery	popup_title	2107.0	0.0	0.0
à¸Šà¸¸à¸”à¸£à¸¹à¸›à¹à¸šà¸š 101: à¸¡à¸±à¸™à¸„à¸·à¸­à¸­à¸°à¹„à¸£à¹à¸¥à¸°à¸—à¸³à¹„à¸¡à¸ˆà¸¶à¸‡à¹€à¸›à¹‡à¸™à¹€à¸£à¸·à¹ˆà¸­à¸‡à¸ªà¸³à¸„à¸±à¸ (à¸¡à¸µà¸•à¸±à¸§à¸­à¸¢à¹ˆà¸²à¸‡à¸ˆà¸£à¸´à¸‡à¸¡à¸²à¸à¸à¸§à¹ˆà¸² 10+)	popup_title	21.0	0.0	0.0
What is Upmarket Fiction â€” and Should You Write It?	popup_title	938.0	0.0	0.0
Why self-publishing kickstarted my children's lit career	popup_title	126.0	0.0	0.0
Working with marketing savvy authors on bookly	popup_title	21.0	0.0	0.0
Was Swearing in my Book Title a Sh*tty Idea?	popup_title	91.0	0.0	0.0
Ğ“ĞµĞ½ĞµÑ€Ğ°Ñ‚Ğ¾Ñ€ Ğ¿ÑĞµĞ²Ğ´Ğ¾Ğ½Ğ¸Ğ¼Ğ¾Ğ² â€¢ ĞĞºĞ¾Ğ½Ñ‡Ğ°Ñ‚ĞµĞ»ÑŒĞ½Ñ‹Ğ¹ Ğ±Ğ°Ğ½Ğº Ğ¸Ğ· 1 000 000+ Ğ¿ÑĞµĞ²Ğ´Ğ¾Ğ½Ğ¸Ğ¼Ğ¾Ğ²	popup_title	21.0	0.0	0.0
Young Adult vs. Middle Grade Fiction: Which Are You Writing?	popup_title	210.0	0.0	0.0
Yunan Mitolojisi Ä°sim Ãœreticisi â€¢ 50.000+ Ä°smin ULTIMATE BankasÄ±	popup_title	21.0	0.0	0.0
Zilla Babbitt â€“ bookly Prompts	popup_title	182.0	0.0	0.0
Zoe Steinberg â€“ bookly Prompts	popup_title	21.0	0.0	0.0
bookly Live Archive â€¢ bookly	popup_title	287.0	0.0	0.0
bookly Live Ø£Ø±Ø´ÙŠÙ â€¢ bookly	popup_title	21.0	0.0	0.0
ĞšĞ°Ğº Ğ½Ğ°Ğ¿Ğ¸ÑĞ°Ñ‚ÑŒ Ñ€Ğ¾Ğ¼Ğ°Ğ½: Ğ½Ğ°Ğ¿Ğ¸ÑĞ°Ğ½Ğ¸Ğµ ÑƒĞ´Ğ¸Ğ²Ğ¸Ñ‚ĞµĞ»ÑŒĞ½Ğ¾Ğ¹ ĞºĞ½Ğ¸Ğ³Ğ¸ Ğ² 15 ÑˆĞ°Ğ³Ğ¾Ğ²	popup_title	21.0	0.0	0.0
Ğ“ĞµĞ½ĞµÑ€Ğ°Ñ‚Ğ¾Ñ€ ÑĞ¿Ğ¾Ğ½ÑĞºĞ¸Ñ… Ğ¸Ğ¼ĞµĞ½ â€¢ ULTIMATE Bank Ğ¸Ğ· 50 000+ Ğ¸Ğ¼ĞµĞ½	popup_title	21.0	0.0	0.0
Â¡LEA ESTO antes de inscribirse en KDP Select!	popup_title	21.0	0.0	0.0
Written Word Media: An Awesome Ad Platform for Authors	popup_title	56.0	0.0	0.0
Â¿QuÃ© es la trama? DefiniciÃ³n, ejemplos y consejos de expertos de los editores	popup_title	21.0	0.0	0.0
Â¿QuÃ© es un motivo? - DefiniciÃ³n y 10 ejemplos imprescindibles	popup_title	21.0	0.0	0.0
Â¿QuÃ© es un punto de trazado? â€¢ CÃ³mo identificar puntos de inflexiÃ³n en libros	popup_title	21.0	0.0	0.0
Ãœber 70 Plot Twist-Ideen und Beispiele, die Ihre Leser umhauen	popup_title	35.0	0.0	0.0
Ä°roni nedir? En YaygÄ±n Ä°roni TÃ¼rleri (Ã–rneklerle)	popup_title	21.0	0.0	0.0
Ğ“ĞµĞ½ĞµÑ€Ğ°Ñ‚Ğ¾Ñ€ Ğ½Ğ°Ğ·Ğ²Ğ°Ğ½Ğ¸Ğ¹ ĞºĞ½Ğ¸Ğ³ â€¢ Ğ¾ĞºĞ¾Ğ½Ñ‡Ğ°Ñ‚ĞµĞ»ÑŒĞ½Ñ‹Ğ¹ Ğ±Ğ°Ğ½Ğº Ğ¸Ğ· 10 000 Ğ½Ğ°Ğ·Ğ²Ğ°Ğ½Ğ¸Ğ¹	popup_title	21.0	0.0	0.0
Ä°spanyol Ä°sim JeneratÃ¶rÃ¼ â€¢ 50.000+ Ä°smin ULTIMATE BankasÄ±	popup_title	21.0	0.0	0.0
Ğ“ĞµĞ½ĞµÑ€Ğ°Ñ‚Ğ¾Ñ€ ĞºĞ¾Ñ€ĞµĞ¹ÑĞºĞ¸Ñ… Ğ¸Ğ¼ĞµĞ½ â€¢ ULTIMATE Bank Ğ¸Ğ· 50 000+ Ğ¸Ğ¼ĞµĞ½	popup_title	21.0	0.0	0.0
You&#39;ve Got a Friend in Me - A Weekly Writing Contest	popup_title	35.0	0.0	0.0
ĞšĞ°Ğº Ğ½Ğ°Ñ‡Ğ°Ñ‚ÑŒ Ñ€Ğ°ÑÑĞºĞ°Ğ·: Ğ½ĞµĞ¾Ğ±Ñ…Ğ¾Ğ´Ğ¸Ğ¼Ñ‹Ğµ ÑĞ¾Ğ²ĞµÑ‚Ñ‹ Ğ¾Ñ‚ 11 Ğ¿Ñ€Ğ¾Ñ„ĞµÑÑĞ¸Ğ¾Ğ½Ğ°Ğ»ÑŒĞ½Ñ‹Ñ… Ñ€ĞµĞ´Ğ°ĞºÑ‚Ğ¾Ñ€Ğ¾Ğ²	popup_title	21.0	0.0	0.0
Ù…ÙƒØ§Ù† ØªÙ‚Ø¯ÙŠÙ… Ø§Ù„Ù‚ØµØµ Ø§Ù„Ù‚ØµÙŠØ±Ø©: 20 Ù…ÙƒØ§Ù†Ù‹Ø§ ØªÙ‚Ø¨Ù„ Ø§Ù„Ù…Ø´Ø§Ø±ÙƒØ§Øª	popup_title	21.0	0.0	0.0
ÙƒÙŠÙ ØªÙƒØªØ¨ Ø±ÙˆØ§ÙŠØ© Ø±ÙˆÙ…Ø§Ù†Ø³ÙŠØ© ğŸ’–ğŸ“•	popup_title	21.0	0.0	0.0
Worldbuilding Resources for Historical Fiction Writers	popup_title	91.0	0.0	0.0
Ù…Ø§ Ù‡ÙŠ Ø§Ù„Ø³Ø®Ø±ÙŠØ©ØŸ Ø£ÙƒØ«Ø± Ø£Ù†ÙˆØ§Ø¹ Ø§Ù„Ø³Ø®Ø±ÙŠØ© Ø´ÙŠÙˆØ¹Ù‹Ø§ (Ù…Ø¹ Ø£Ù…Ø«Ù„Ø©)	popup_title	21.0	0.0	0.0
ÙƒÙŠÙÙŠØ© Ù†Ø´Ø± ÙƒØªØ§Ø¨ Ù„Ù„Ø£Ø·ÙØ§Ù„ ÙÙŠ 6 Ø®Ø·ÙˆØ§Øª Ø¨Ø³ÙŠØ·Ø©	popup_title	21.0	0.0	0.0
Worldbuilding: the Master Guide (with Template) - https://blog.bookly.com/worldbuilding-guide/	popup_title	21.0	0.0	0.0
ÙƒÙŠÙÙŠØ© ÙƒØªØ§Ø¨Ø© ÙƒØªØ§Ø¨ Blurb Ø§Ù„Ø°ÙŠ ÙŠØ¨ÙŠØ¹ (Ù…Ø¹ Ø£Ù…Ø«Ù„Ø©)	popup_title	21.0	0.0	0.0
Write Better Characters: The Role of Anti-Heroes and Why We Love Them	popup_title	182.0	0.0	0.0
Write It Down - A Weekly Writing Contest	popup_title	273.0	0.0	0.0
ÙƒÙŠÙ ØªÙƒØªØ¨ Ù‚ØµØ© Ù‚ØµÙŠØ±Ø© ÙÙŠ 7 Ø®Ø·ÙˆØ§Øª	popup_title	21.0	0.0	0.0
Write a Book That Hollywood Will Love (in 5 Steps)	popup_title	455.0	0.0	0.0
Writing a Non-Fiction Query Letter (+ Sample Query Letter)	popup_title	91.0	0.0	0.0
Writer's Block Writing Exercises	popup_title	483.0	0.0	0.0
ÙƒÙŠÙ ØªÙƒØªØ¨ Ø§Ù„Ø­ÙˆØ§Ø± Ø§Ù„Ø·Ø¨ÙŠØ¹ÙŠ ÙÙŠ 11 Ø®Ø·ÙˆØ© ØŒ Ù…Ø¹ Ø£Ù…Ø«Ù„Ø©!	popup_title	21.0	0.0	0.0
×›×™×¦×“ ×œ×™×¦×•×¨ ×¤×¨×•×¤×™×œ ×ª×•×•×™×: ×”××“×¨×™×š ×”××•×œ×˜×™××˜×™×‘×™ (×¢× ×ª×‘× ×™×ª)	popup_title	21.0	0.0	0.0
Writing Exciting and Readable Non-Fiction	popup_title	35.0	0.0	0.0
Ğ¯Ğ¿Ğ¾Ğ½ÑĞºĞ¸Ğ¹ Ğ“ĞµĞ½ĞµÑ€Ğ°Ñ‚Ğ¾Ñ€ Ğ¸Ğ¼ĞµĞ½ â€¢ Ğ¾ĞºĞ¾Ğ½Ñ‡Ğ°Ñ‚ĞµĞ»ÑŒĞ½Ñ‹Ğ¹ Ğ±Ğ°Ğ½Ğº Ğ¸Ğ· 50 000 + Ğ¸Ğ¼ĞµĞ½	popup_title	21.0	0.0	0.0
ĞĞ± Ğ°Ğ²Ñ‚Ğ¾Ñ€Ğµ ĞŸÑ€Ğ¸Ğ¼ĞµÑ€Ñ‹ (ĞºĞ¾Ñ‚Ğ¾Ñ€Ñ‹Ğµ Ğ²Ñ‹ Ğ½Ğ° ÑĞ°Ğ¼Ğ¾Ğ¼ Ğ´ĞµĞ»Ğµ Ñ…Ğ¾Ñ‚Ğ¸Ñ‚Ğµ Ğ¿Ñ€Ğ¾Ñ‡Ğ¸Ñ‚Ğ°Ñ‚ÑŒ)	popup_title	21.0	0.0	0.0
Ğ›ÑƒÑ‡ÑˆĞ¸Ğµ Ğ±Ğ»Ğ¾Ğ³Ğ¸ Ğ ĞµÑ†ĞµĞ½Ğ·Ğ¸Ñ Ğ½Ğ° ĞºĞ½Ğ¸Ğ³Ñƒ Ğ² 2020 Ğ³Ğ¾Ğ´Ñƒ â€¢ ĞšĞ°Ğº Ğ¿Ğ¾Ğ»ÑƒÑ‡Ğ¸Ñ‚ÑŒ Ñ€ĞµÑ†ĞµĞ½Ğ·Ğ¸Ñ Ğ½Ğ° ĞºĞ½Ğ¸Ğ³Ñƒ	popup_title	21.0	0.0	0.0
Writing a Book in Your Second Language	popup_title	105.0	0.0	0.0
ãƒ•ãƒ©ãƒƒãƒˆã‚­ãƒ£ãƒ©ã‚¯ã‚¿ãƒ¼ã¨ã¯ â€”å®šç¾©ã¨æ±ºå®šçš„ãªä¾‹	popup_title	21.0	0.0	0.0
VÃ½voj znaku 101: PsanÃ­ znakÅ¯ ÄŒtenÃ¡Å™i nezapomenou	popup_title	21.0	0.0	0.0
ï»¿Book Title Generator â€¢ The Ultimate Bank of 10,000 Titles	popup_title	21.0	0.0	0.0
The 30 Best Mystery Books of All Time | bookly Discovery	popup_title	4291.0	0.0	0.0
The 12 Best Roman History Books (for the Caesar in You) | bookly Discovery	popup_title	3913.0	0.0	0.0
The 15 Best Books on Writing: A Reading List for Novelists	popup_title	1232.0	0.0	0.0
ì†Œì„¤ì„ ì“°ëŠ” ë°©ë²• : 15 ë‹¨ê³„ë¡œ ë†€ë¼ìš´ ì±… ì“°ê¸°	popup_title	21.0	0.0	0.0
Ğ‘Ğ¾Ğ»ĞµĞµ 700 ĞºÑ€ĞµĞ°Ñ‚Ğ¸Ğ²Ğ½Ñ‹Ñ… Ğ¿Ğ¸ÑĞ°Ğ½Ğ¸Ğ¹ Ğ²Ğ´Ğ¾Ñ…Ğ½Ğ¾Ğ²Ğ»ÑÑÑ‚ Ğ²Ğ°Ñ Ğ¿Ñ€ÑĞ¼Ğ¾ ÑĞµĞ¹Ñ‡Ğ°Ñ	popup_title	21.0	0.0	0.0
The 20 Best Places to Find Free Books Online | bookly Discovery	popup_title	364.0	0.0	0.0
The 21 Best News Roundups for Self-Publishing Authors	popup_title	35.0	0.0	0.0
ëª¨ë“  ì €ìê°€ ì•Œì•„ì•¼ í•  2020 ë…„ì˜ ê°€ì¥ í° ì±… ì¶œíŒì‚¬ 20 ëª…	popup_title	21.0	0.0	0.0
The 30 Best Dystopian Novels Everyone Should Read | bookly Discovery	popup_title	1498.0	0.0	0.0
The 30 Best Sci-Fi Audiobooks For Science Fiction Fans | bookly Discovery	popup_title	2758.0	0.0	0.0
ï»¿12 Types of Characters Featured in Almost All Stories	popup_title	21.0	0.0	0.0
The 43 Best True Crime Books of All Time | bookly Discovery	popup_title	105.0	0.0	0.0
The 45 Best Fantasy Audiobooks | bookly Discovery	popup_title	1281.0	0.0	0.0
The 5 Most Common Suspense Pitfalls (and How to Avoid Them)	popup_title	35.0	0.0	0.0
The 50 Best Books of 2019: The Books That Stole Our Hearts This Year | bookly Discovery	popup_title	56.0	0.0	0.0
The 50 Best Childrenâ€™s Book Covers of 2019	popup_title	1379.0	0.0	0.0
ë…ì¼ì–´ ì´ë¦„ ìƒì„±ê¸° â€¢ 50,000 ê°œ ì´ìƒì˜ ì´ë¦„ìœ¼ë¡œ êµ¬ì„±ëœ ULTIMATE Bank	popup_title	21.0	0.0	0.0
The 60 Best Fantasy Books for Kids | bookly Discovery	popup_title	3374.0	0.0	0.0
The 60 Best Fantasy Books of All Time | bookly Discovery	popup_title	3626.0	0.0	0.0
The 12 Best Epic Fantasy Books like Game of Thrones | bookly Discovery	popup_title	4207.0	0.0	0.0
The 115 Best Books of All Time | bookly Discovery	popup_title	56.0	0.0	0.0
The Art of Publicity for the Self-Publishing Author	popup_title	21.0	0.0	0.0
Swahili Name Generator â€¢ El Ãºltimo banco de mÃ¡s de 50,000 nombres	popup_title	21.0	0.0	0.0
ï»¿Best Romance Writing Prompts of 2020	popup_title	21.0	0.0	0.0
ï»¿90+ Metaphor Examples in Literature That You Need to Know	popup_title	42.0	0.0	0.0
ï»¿700+ Creative Writing Prompts To Inspire You Right Now	popup_title	42.0	0.0	0.0
Stranger Things Book List: 12 Novels to Read If You Love the Hit Show | bookly Discovery	popup_title	1715.0	0.0	0.0
ï»¿45+ Literary Devices and Terms Every Writer Should Know	popup_title	21.0	0.0	0.0
Successful Book Promotion Strategies with Chloe Kizer â€¢ booklyLive	popup_title	35.0	0.0	0.0
Superhero Name Generator â€¢ The ULTIMATE Bank of 50,000+ Names	popup_title	5376.0	0.0	0.0
Suspense 101: Definition and Tips for Building Heart-Stopping Narratives	popup_title	1806.0	0.0	0.0
Swahili Name Generator â€¢ The ULTIMATE Bank of 50,000+ Names	popup_title	4298.0	0.0	0.0
The 100 Best Sci-Fi Books to Take You to Infinity and Beyond | bookly Discovery	popup_title	21.0	0.0	0.0
ï»¿30 Rhetorical Devices â€” And How to Use Them	popup_title	21.0	0.0	0.0
Ten Ways to Handle Bad Book Reviews â€¢ bookly Blog	popup_title	56.0	0.0	0.0
The 10 Best Agatha Christie Books That Everyone Should Read | bookly Discovery	popup_title	3031.0	0.0	0.0
The 10 Best Books Like Outlander To Make You Swoon | bookly Discovery	popup_title	3465.0	0.0	0.0
The 10 Best H.P. Lovecraft Books for New Readers | bookly Discovery	popup_title	4676.0	0.0	0.0
ï»¿15 of the Best Online Writing Communities for Aspiring Authors	popup_title	21.0	0.0	0.0
The 10 Best Post-Apocalyptic Books to Read Before the World Ends | bookly Discovery	popup_title	5894.0	0.0	0.0
The 100 Best Graphic Novels of All Time | bookly Discovery	popup_title	5180.0	0.0	0.0
The 60 Best Nonfiction Books of the 21st Century | bookly Discovery	popup_title	56.0	0.0	0.0
The Best Book Review Sites | bookly Discovery	popup_title	21.0	0.0	0.0
Voice & Viewpoint: How to Choose the Right Narrator for Your Novel	popup_title	308.0	0.0	0.0
Typography: Cover Design Masterclass	popup_title	91.0	0.0	0.0
Todos os melhores livros de Stephen King, classificados | bookly Discovery	popup_title	21.0	0.0	0.0
å¦‚ä½•ç”¨ä¸‰å¹•ç»“æ„å†™å°è¯´	popup_title	21.0	0.0	0.0
å¦‚ä½•åœ¨5åˆ†é’Ÿå†…åˆ›å»ºç‰ˆæƒé¡µï¼ˆå¸¦æœ‰æ¨¡æ¿ï¼‰	popup_title	21.0	0.0	0.0
ToÄka prve osobe: VodiÄ za pisce	popup_title	21.0	0.0	0.0
TrÃ¬nh táº¡o tiÃªu Ä‘á» sÃ¡ch tá»™i pháº¡m â€¢ NgÃ¢n hÃ ng tá»‘i thÆ°á»£ng 10.000 tiÃªu Ä‘á»	popup_title	21.0	0.0	0.0
Turn Your Cookbook Idea Into a Reality (Free Course) â€¢ bookly	popup_title	56.0	0.0	0.0
Turning your Family Recipes into a First-Rate Cook Book	popup_title	56.0	0.0	0.0
å…³äºä½œè€…ç¤ºä¾‹ï¼ˆæ‚¨å®é™…ä¸Šæƒ³é˜…è¯»ï¼‰	popup_title	21.0	0.0	0.0
TÃ¼m ZamanlarÄ±n En Ä°yi 50 Gerilim KitabÄ± | bookly KeÅŸfi	popup_title	21.0	0.0	0.0
å¦‚ä½•é€šé7å€‹æ­¥é©Ÿç·¨å¯«çŸ­ç¯‡å°èªª	popup_title	21.0	0.0	0.0
TÃ¼rk Ä°sim JeneratÃ¶rÃ¼ â€¢ 50.000+ Ä°smin ULTIMATE BankasÄ±	popup_title	21.0	0.0	0.0
Understanding Developmental Fiction Editing â€¢ booklyLive	popup_title	56.0	0.0	0.0
Understanding Point of View (Free Course) â€¢ bookly Learning	popup_title	56.0	0.0	0.0
ä»€ä¹ˆæ˜¯åè‹±é›„ï¼Ÿ å®šä¹‰â€”åŠ ä¸Š10ä¸ªç¤ºä¾‹ï¼	popup_title	21.0	0.0	0.0
Understanding Publishing â€¢ The bookly Blog	popup_title	126.0	0.0	0.0
MotivaÃ§Ã£o de Personagem: Como Escrever Personagens CrÃ­veis	popup_title	21.0	0.0	0.0
ä¸¹Â·å“ˆè’™ï¼ˆDan Harmonï¼‰æ•…äº‹åœˆï¼šå»ºç«‹å¼ºå¤§ç»“æ„çš„8ä¸ªæ­¥éª¤	popup_title	21.0	0.0	0.0
Vera Reynolds â€“ bookly Prompts	popup_title	21.0	0.0	0.0
Titelgenerator voor fantasyboeken â€¢ De ultieme bank met 10.000 titels	popup_title	21.0	0.0	0.0
Tipos de conflito 101: definiÃ§Ã£o e dicas necessÃ¡rias (com exemplos!)	popup_title	21.0	0.0	0.0
The Best Horror Novels of 2018 | bookly Discovery	popup_title	35.0	0.0	0.0
The Ultimate Guide to Finding the Right Book Translator	popup_title	196.0	0.0	0.0
è§‚ç‚¹ï¼šç¬¬ä¸€ï¼Œç¬¬äºŒå’Œç¬¬ä¸‰äººç§°è§†è§’ï¼ˆå¸¦æœ‰70å¤šä¸ªç¤ºä¾‹ï¼ï¼‰	popup_title	21.0	0.0	0.0
è‹±é›„ä¹‹æ—…101ï¼šå®šä¹‰å’Œåˆ†æ­¥æŒ‡å—ï¼ˆé™„æ¸…å•ï¼‰ï¼	popup_title	21.0	0.0	0.0
The Career I Didnâ€™t Know I Wanted: A Ghostâ€™s Perspective	popup_title	21.0	0.0	0.0
The Dan Harmon Story Circle: 8 pasos para una estructura poderosa	popup_title	21.0	0.0	0.0
The Dangers of NaNoWriMo	popup_title	35.0	0.0	0.0
The Lean Publisher: Evolving in the Freelance Economy	popup_title	105.0	0.0	0.0
The Mechanics of Writing Dialogue (Free Course) â€¢ bookly	popup_title	126.0	0.0	0.0
ç¼–å†™å›¾ç”»ä¹¦å‰è¦äº†è§£çš„4ä»¶äº‹ï¼ˆç½‘ç»œç ”è®¨ä¼šï¼‰	popup_title	21.0	0.0	0.0
The Ultimate Guide to The Witcher Books | bookly Discovery	popup_title	308.0	0.0	0.0
Tim Law â€“ bookly Prompts	popup_title	21.0	0.0	0.0
ç¬¬ä¸€äººç¨±è¦–è§’ï¼šä½œå®¶æŒ‡å—	popup_title	21.0	0.0	0.0
The Ultimate List of Writing Scholarships in 2020 â€¢ Apply Today	popup_title	959.0	0.0	0.0
The World's Best Self-Publishing Checklist [Free Download]	popup_title	182.0	0.0	0.0
æ¯ä¸ªä½œå®¶éƒ½åº”è¯¥çŸ¥é“çš„12ç§å­—ç¬¦åŸå‹	popup_title	21.0	0.0	0.0
æœ‰å²ä»¥æ¥30éƒ¨æœ€ä½³ä¼ è®°| èŠ¦è‹‡å‘ç°	popup_title	21.0	0.0	0.0
Thiago Loriggio â€“ bookly Prompts	popup_title	21.0	0.0	0.0
Third Person Omniscient and Third Person Limited POV: The Essentials	popup_title	3304.0	0.0	0.0
æ—¥èªåç¨±ç”Ÿæˆå™¨â€¢è¶…é50,000å€‹åç¨±çš„çµ‚æ¥µåº«	popup_title	21.0	0.0	0.0
#FreelancerFriday #8 - Ellie Clarke, Editor	popup_title	21.0	0.0	0.0
How to Write Faster: 15 Tips Finish Your Book ASAP	popup_title	105.0	0.0	0.0
Mostre, nÃ£o conte: dicas e exemplos da regra de ouro	popup_title	42.0	0.0	0.0
50 Fantasy Subgenres and Their Must-Reads | bookly Discovery	popup_title	539.0	0.0	0.0
Adriana k. Maxwell â€“ bookly Prompts	popup_title	21.0	0.0	0.0
Agent-Assisted Publishing: An interview with IPSO Books	popup_title	35.0	0.0	0.0
Alanna Salussolia â€“ bookly Prompts	popup_title	21.0	0.0	0.0
Alexandra Mirazizyan â€“ bookly Prompts	popup_title	21.0	0.0	0.0
All of the Best Stephen King Books, Ranked | bookly Discovery	popup_title	3192.0	0.0	0.0
Alman Ä°sim JeneratÃ¶rÃ¼ â€¢ 50.000+ Ä°smin ULTIMATE BankasÄ±	popup_title	21.0	0.0	0.0
Amazon Publishing: What Is It Like to Get Signed By Them?	popup_title	560.0	0.0	0.0
Angielski generator nazw â€¢ ULTIMATE Bank ponad 50 000 nazwisk	popup_title	21.0	0.0	0.0
Anjali Roy â€“ bookly Prompts	popup_title	21.0	0.0	0.0
Anjana S pillai â€“ bookly Prompts	popup_title	21.0	0.0	0.0
Anna k Firth â€“ bookly Prompts	popup_title	21.0	0.0	0.0
Antigo gerador de nome celta â€¢ O Ãºltimo banco de mais de 50.000 nomes	popup_title	21.0	0.0	0.0
Archetype Name Generator â€¢ The ULTIMATE Bank of 100,000+ Names	popup_title	133.0	0.0	0.0
Arielle Contreras, Author at bookly	popup_title	21.0	0.0	0.0
Ask An Agent: What Makes A Self-Published Author Stand Out?	popup_title	35.0	0.0	0.0
Authors: Here are 10 Must-Read Marketing Books	popup_title	469.0	0.0	0.0
Bad Hair Day - A Weekly Writing Contest	popup_title	21.0	0.0	0.0
Beautiful Children's Book Illustrations To Inspire Your Story	popup_title	196.0	0.0	0.0
Best Creative Nonfiction Writing Prompts of 2020	popup_title	476.0	0.0	0.0
Best For Kids Writing Prompts of 2020	popup_title	273.0	0.0	0.0
Best Holiday Writing Prompts of 2020	popup_title	91.0	0.0	0.0
Abigail Airuedomwinya â€“ bookly Prompts	popup_title	21.0	0.0	0.0
A Teen Author Success Story - Interview With Anna Caltabiano	popup_title	21.0	0.0	0.0
A Guide to the Best Emily Dickinson Poems: 15 Unforgettable Poems | bookly Discovery	popup_title	4347.0	0.0	0.0
70+ idÃ©ias e exemplos de torÃ§Ã£o de plotagem para impressionar seus leitores	popup_title	21.0	0.0	0.0
6 Things Almost All Writers Get Wrong When Self-Editing	popup_title	91.0	0.0	0.0
6 Tips for Writing the Perfect Cover Design Brief for a Killer Cover	popup_title	217.0	0.0	0.0
60 Amazing Gifts for Writers for Every Budget, Organized by Price!	popup_title	3017.0	0.0	0.0
60 of the Best Gifts for Book Lovers That Aren't Books | bookly Discovery	popup_title	651.0	0.0	0.0
60+ of the Best Poetry Books to Get Started On Right Now | bookly Discovery	popup_title	231.0	0.0	0.0
68 Ã tÆ°á»Ÿng bÃ¬a sÃ¡ch Ä‘á»ƒ Ä‘Æ°a bÃ¬a sÃ¡ch cá»§a báº¡n tá»« nháº¡t nháº½o Ä‘áº¿n rá»±c rá»¡	popup_title	21.0	0.0	0.0
7 Surprisingly Ghostwritten Books	popup_title	1225.0	0.0	0.0
7 à¤šà¤°à¤£à¥‹à¤‚ à¤®à¥‡à¤‚ à¤à¤• à¤›à¥‹à¤Ÿà¥€ à¤•à¤¹à¤¾à¤¨à¥€ à¤•à¥ˆà¤¸à¥‡ à¤²à¤¿à¤–à¥‡à¤‚	popup_title	35.0	0.0	0.0
70 Best Game of Thrones Quotes from the Books and TV Series | bookly Discovery	popup_title	1225.0	0.0	0.0
70+ Ù…Ø¤Ø§Ù…Ø±Ø© Ø£ÙÙƒØ§Ø± ØªÙˆÙŠØ³Øª ÙˆØ£Ù…Ø«Ù„Ø© Ù„ØªÙØ¬ÙŠØ± Ø§Ù„Ù‚Ø±Ø§Ø¡ Ø¨Ø¹ÙŠØ¯Ø§	popup_title	21.0	0.0	0.0
A Guide to Story Editing for Authors (Free Course) â€¢ bookly	popup_title	21.0	0.0	0.0
7ã¤ã®ã‚¹ãƒ†ãƒƒãƒ—ã§çŸ­ç·¨å°èª¬ã‚’æ›¸ãæ–¹æ³•	popup_title	21.0	0.0	0.0
8 à¤šà¤°à¤£à¥‹à¤‚ à¤®à¥‡à¤‚ à¤à¤• à¤•à¤µà¤¿à¤¤à¤¾ à¤•à¥ˆà¤¸à¥‡ à¤²à¤¿à¤–à¥‡à¤‚ (à¤à¤• à¤•à¤µà¤¿à¤¤à¤¾ à¤¸à¤‚à¤ªà¤¾à¤¦à¤• à¤¸à¥‡ à¤¯à¥à¤•à¥à¤¤à¤¿à¤¯à¥‹à¤‚ à¤•à¥‡ à¤¸à¤¾à¤¥)	popup_title	42.0	0.0	0.0
9 Common Types of Fantasy Characters (With Examples)	popup_title	3647.0	0.0	0.0
9 Contemporary Women Writers You Should Know | bookly Discovery	popup_title	147.0	0.0	0.0
9 tipos comuns de personagens de fantasia (com exemplos)	popup_title	21.0	0.0	0.0
90+ Ø£Ù…Ø«Ù„Ø© Ø§Ø³ØªØ¹Ø§Ø±Ø© ÙÙŠ Ø§Ù„Ø£Ø¯Ø¨ ØªØ­ØªØ§Ø¬ Ø¥Ù„Ù‰ Ù…Ø¹Ø±ÙØªÙ‡	popup_title	21.0	0.0	0.0
A Day in the Life of a Book Reviewer | bookly Discovery	popup_title	21.0	0.0	0.0
A Freelancer's Brief Guide to the bookly Publishing Marketplace	popup_title	56.0	0.0	0.0
A Guide to Cozy Mysteries: 9 Books to Read by the Fire | bookly Discovery	popup_title	1624.0	0.0	0.0
BiblioBoard: Getting your ebook into libraries â€¢ The bookly Blog	popup_title	21.0	0.0	0.0
Book Cover Art Gallery: Get Inspired By These Designs	popup_title	448.0	0.0	0.0
Book Cover Critique with Micaela Alcaino	popup_title	21.0	0.0	0.0
Crime Book Title Generator â€¢ El Ãºltimo banco de 10,000 tÃ­tulos	popup_title	21.0	0.0	0.0
Come sono stato notato su Wattpad (e vinto il Wattys)	popup_title	21.0	0.0	0.0
Comment faire traduire un livre en 6 Ã©tapes simples: le guide ultime	popup_title	21.0	0.0	0.0
Como criar um nome de personagem icÃ´nico em 12 etapas	popup_title	21.0	0.0	0.0
Como criar um perfil de personagem: o melhor guia (com modelo)	popup_title	21.0	0.0	0.0
Como escrever uma cena de luta: 5 etapas simples para lutas cheias de aÃ§Ã£o	popup_title	21.0	0.0	0.0
Cosmic Horror: 15 Chilling Titles to Start You Off | bookly Discovery	popup_title	1386.0	0.0	0.0
Create a Solid Chapter Outline â€¢ How to Write a Novel	popup_title	21.0	0.0	0.0
CreateSpace es MUERTO. Esto es lo que necesitas saber.	popup_title	21.0	0.0	0.0
Crime Book Title Generator â€¢ Die ultimative Bank mit 10.000 Titeln	popup_title	21.0	0.0	0.0
Crowdfunding: A Guide for Authors (Free Course) â€¢ bookly	popup_title	21.0	0.0	0.0
Come creare un profilo personaggio: la guida definitiva (con modello)	popup_title	21.0	0.0	0.0
Cum sÄƒ scrii un roman folosind structura cu trei acte	popup_title	21.0	0.0	0.0
CÃ³mo crear un perfil de personaje: la guÃ­a definitiva (con plantilla)	popup_title	21.0	0.0	0.0
CÃ³mo escribir una historia corta en 7 pasos	popup_title	21.0	0.0	0.0
CÃ³mo formatear un libro (de forma fÃ¡cil y gratuita) â€¢ Formateo de libros electrÃ³nicos	popup_title	21.0	0.0	0.0
CÃ³mo me notaron en Wattpad (y ganÃ© los Wattys)	popup_title	21.0	0.0	0.0
Dear Diary - A Weekly Writing Contest	popup_title	21.0	0.0	0.0
Deborah Mercer â€“ bookly Prompts	popup_title	21.0	0.0	0.0
Denouement 101: Definition and Must-Know Tips (With Examples!)	popup_title	378.0	0.0	0.0
Deutscher Namensgenerator â€¢ Die ultimative Bank mit Ã¼ber 50.000 Namen	popup_title	42.0	0.0	0.0
Come ottenere recensioni di libri in 5 passaggi (aggiornamento 2020)	popup_title	21.0	0.0	0.0
Claire Reck â€“ bookly Prompts	popup_title	21.0	0.0	0.0
Book Design in Self Publishing - Breaking New Ground	popup_title	21.0	0.0	0.0
Budite plaÄ‡eni za Äitanje: 17 zakonitih web-lokacija koje plaÄ‡aju recenzenti | OtkriÄ‡e bookly	popup_title	21.0	0.0	0.0
Book Design â€¢ The bookly Blog	popup_title	126.0	0.0	0.0
Book Designers or Book Design Templates?	popup_title	35.0	0.0	0.0
Book Marketing 101 for Authors (Free Course) â€¢ bookly	popup_title	182.0	0.0	0.0
Book Marketing â€¢ The bookly Blog	popup_title	133.0	0.0	0.0
Book Reviews and How to Get Them (Free Course) â€¢ bookly	popup_title	21.0	0.0	0.0
BookBub Ads for Authors (Free Course) â€¢ bookly	popup_title	35.0	0.0	0.0
BookTubeé »é“æŒ‡å—â€¢100å¤šç¨®BookTuberçš„ç²¾é¸åˆ—è¡¨	popup_title	21.0	0.0	0.0
Bowen Whiteman â€“ bookly Prompts	popup_title	21.0	0.0	0.0
Budgeting for Your Indie Novel	popup_title	21.0	0.0	0.0
Build your Author Street Team in 4 Simple Steps	popup_title	126.0	0.0	0.0
Choosing the Perfect Comparative Titles	popup_title	525.0	0.0	0.0
Building Characters â€¢ How to Craft a Killer Short Story	popup_title	70.0	0.0	0.0
Cara Membuat Profil Karakter: Panduan Utama (dengan Templat)	popup_title	21.0	0.0	0.0
Cara Mengakhiri Kisah yang Benar: 13 Hal yang Perlu Anda Ketahui	popup_title	21.0	0.0	0.0
Cara Menulis Cerita Horor: 7 Tips untuk Menulis Horor	popup_title	21.0	0.0	0.0
Cassie Rivers â€“ bookly Prompts	popup_title	21.0	0.0	0.0
Chantel Chamonix â€“ bookly Prompts	popup_title	21.0	0.0	0.0
Character Development Writing Exercises	popup_title	196.0	0.0	0.0
Childhood Meets Adulthood - A Weekly Writing Contest	popup_title	21.0	0.0	0.0
Chloe-ly Grimont â€“ bookly Prompts	popup_title	21.0	0.0	0.0
50+ Cookbook Covers Guaranteed To Make Your Mouth Water	popup_title	35.0	0.0	0.0
50 Christmas Stories for the Holiday Season | bookly Discovery	popup_title	42.0	0.0	0.0
MokslinÄ—s fantastikos knygÅ³ pavadinimÅ³ generatorius â€¢ DidÅ¾iausias 10 000 pavadinimÅ³ bankas	popup_title	21.0	0.0	0.0
50 Best Self-Help Books to Get You Living Your Best Life in 2020 | bookly Discovery	popup_title	56.0	0.0	0.0
12 ×¡×•×’×™ ×“××•×™×•×ª ×”××•×¦×’×•×ª ×›××¢×˜ ×‘×›×œ ×”×¡×™×¤×•×¨×™×	popup_title	21.0	0.0	0.0
12 Ø£Ù†ÙˆØ§Ø¹ Ù…Ù† Ø§Ù„Ø´Ø®ØµÙŠØ§Øª Ø§Ù„Ù…Ù…ÙŠØ²Ø© ÙÙŠ Ø¬Ù…ÙŠØ¹ Ø§Ù„Ù‚ØµØµ ØªÙ‚Ø±ÙŠØ¨Ù‹Ø§	popup_title	21.0	0.0	0.0
12 à¤¸à¤°à¥à¤µà¤¶à¥à¤°à¥‡à¤·à¥à¤  à¤°à¥‹à¤®à¤¨ à¤‡à¤¤à¤¿à¤¹à¤¾à¤¸ à¤•à¥€ à¤•à¤¿à¤¤à¤¾à¤¬à¥‡à¤‚ (à¤†à¤ª à¤®à¥‡à¤‚ à¤¸à¥€à¤œà¤¼à¤° à¤•à¥‡ à¤²à¤¿à¤) | à¤°à¥€à¤¡à¤¸à¥€ à¤¡à¤¿à¤¸à¥à¤•à¤µà¤°à¥€	popup_title	21.0	0.0	0.0
125 Best Children's Books of All Time | bookly Discovery	popup_title	1267.0	0.0	0.0
13 Kick-Ass-Tipps zum Schreiben von Fantasy Fiction	popup_title	21.0	0.0	0.0
13 Sfaturi Kick-Ass pentru a scrie ficÈ›iune fantezie	popup_title	21.0	0.0	0.0
13 Ù†ØµÙŠØ­Ø© Ø±ÙƒÙ„Ø© Ø§Ù„Ø­Ù…Ø§Ø± Ù„ÙƒØªØ§Ø¨Ø© Ø§Ù„Ø®ÙŠØ§Ù„ Ø§Ù„Ø®ÙŠØ§Ù„ÙŠ	popup_title	21.0	0.0	0.0
130 Stephen King Short Stories: Every Collection in Order | bookly Discovery	popup_title	1498.0	0.0	0.0
14 Unexpected Day Jobs of Bestselling Authors	popup_title	21.0	0.0	0.0
14 popularnych tropÃ³w fantasy (i jak je oÅ¼ywiÄ‡)	popup_title	21.0	0.0	0.0
14 Ù…Ø¬Ø§Ø²ÙØ© Ø®ÙŠØ§Ù„ÙŠØ© Ø´Ø§Ø¦Ø¹Ø© (ÙˆÙƒÙŠÙÙŠØ© ØªÙ†Ø´ÙŠØ·Ù‡Ø§)	popup_title	21.0	0.0	0.0
150+ Ğ¿Ğ¾Ğ»ĞµĞ·Ğ½Ñ‹Ñ… Ğ¿Ñ€Ğ¸Ñ‡ÑƒĞ´ Ğ´Ğ»Ñ Ğ¿ĞµÑ€ÑĞ¾Ğ½Ğ°Ğ¶ĞµĞ¹ (Ğ¿Ğ»ÑÑ Ğ½ĞµÑĞºĞ¾Ğ»ÑŒĞºĞ¾ ĞºĞ»Ğ¸ÑˆĞµ, ĞºĞ¾Ñ‚Ğ¾Ñ€Ñ‹Ñ… ÑĞ»ĞµĞ´ÑƒĞµÑ‚ Ğ¸Ğ·Ğ±ĞµĞ³Ğ°Ñ‚ÑŒ)	popup_title	21.0	0.0	0.0
16 Aplikasi Penulisan Terbaik untuk Meningkatkan Kemampuan Menulis Anda pada tahun 2020	popup_title	21.0	0.0	0.0
17 Beispiele fÃ¼r Buchbesprechungen, die Ihnen beim Schreiben der perfekten Rezension helfen | bookly Entdeckung	popup_title	42.0	0.0	0.0
17 Contoh Tinjauan Buku untuk Membantu Anda Menulis Tinjauan Sempurna | Penemuan bookly	popup_title	21.0	0.0	0.0
17 PrÃ­klady recenziÃ­ knÃ­h, ktorÃ© vÃ¡m pomÃ´Å¾u napÃ­saÅ¥ perfektnÃº recenziu bookly Discovery	popup_title	21.0	0.0	0.0
17 Recenzja ksiÄ…Å¼ek PrzykÅ‚ady pomocne w napisaniu doskonaÅ‚ej recenzji | bookly Discovery	popup_title	21.0	0.0	0.0
17 Shembuj tÃ« Rishikimit tÃ« Librit pÃ«r t'ju ndihmuar tÃ« shkruani rishikimin perfekt | Zbulimi i bookly	popup_title	21.0	0.0	0.0
17 VÃ­ dá»¥ Ä‘Ã¡nh giÃ¡ sÃ¡ch Ä‘á»ƒ giÃºp báº¡n viáº¿t Ä‘Ã¡nh giÃ¡ hoÃ n háº£o | KhÃ¡m phÃ¡ lau sáº­y	popup_title	21.0	0.0	0.0
17 ejemplos de reseÃ±as de libros para ayudarlo a escribir la reseÃ±a perfecta | bookly Discovery	popup_title	56.0	0.0	0.0
17 Î Î±ÏÎ±Î´ÎµÎ¯Î³Î¼Î±Ï„Î± ÎºÏÎ¹Ï„Î¹ÎºÎ®Ï‚ Î²Î¹Î²Î»Î¯Î¿Ï… Î³Î¹Î± Î½Î± ÏƒÎ±Ï‚ Î²Î¿Î·Î¸Î®ÏƒÎ¿Ï…Î½ Î½Î± Î³ÏÎ¬ÏˆÎµÏ„Îµ Ï„Î·Î½ Ï„Î­Î»ÎµÎ¹Î± ÎºÏÎ¹Ï„Î¹ÎºÎ® | bookly Î‘Î½Î±ÎºÎ¬Î»Ï…ÏˆÎ·	popup_title	21.0	0.0	0.0
12 Ñ‚Ğ¸Ğ¿Ğ¾Ğ² Ğ¿ĞµÑ€ÑĞ¾Ğ½Ğ°Ğ¶ĞµĞ¹, Ğ¿Ñ€ĞµĞ´ÑÑ‚Ğ°Ğ²Ğ»ĞµĞ½Ğ½Ñ‹Ñ… Ğ¿Ğ¾Ñ‡Ñ‚Ğ¸ Ğ²Ğ¾ Ğ²ÑĞµÑ… Ğ¸ÑÑ‚Ğ¾Ñ€Ğ¸ÑÑ…	popup_title	42.0	0.0	0.0
12 tipos de personajes destacados en casi todas las historias	popup_title	21.0	0.0	0.0
12 soorten personages in bijna alle verhalen	popup_title	21.0	0.0	0.0
11 historias cortas interesantes que podrÃ­an cambiar tu forma de pensar | bookly Discovery	popup_title	21.0	0.0	0.0
10 Fantastic World War II Books by Female Authors | bookly Discovery	popup_title	147.0	0.0	0.0
10 Surprising Ways Writers Can Supplement Their Writing Income	popup_title	21.0	0.0	0.0
10 Writer's Block Memes to Keep Your Book Afloat	popup_title	217.0	0.0	0.0
100 Best Adventure Books of All Time | bookly Discovery	popup_title	7000.0	0.0	0.0
100 Best Fantasy Series Ever | bookly Discovery	popup_title	11116.0	0.0	0.0
100 Best Horror Books of All Time | bookly Discovery	popup_title	3283.0	0.0	0.0
100+ Best Sci-Fi Books to Take You to Infinity and Beyond | bookly Discovery	popup_title	5733.0	0.0	0.0
11 MEJORES libros de Ernest Hemingway en orden cronolÃ³gico | bookly Discovery	popup_title	21.0	0.0	0.0
11 beliebte romanische Tropen - und wie man sie wieder neu macht	popup_title	21.0	0.0	0.0
11 najlepszych ksiÄ…Å¼ek Ernesta Hemingwaya w porzÄ…dku chronologicznym | bookly Discovery	popup_title	21.0	0.0	0.0
12 rodzajÃ³w postaci w prawie wszystkich opowieÅ›ciach	popup_title	21.0	0.0	0.0
11 ÎµÎ½Î´Î¹Î±Ï†Î­ÏÎ¿Ï…ÏƒÎµÏ‚ Î¹ÏƒÏ„Î¿ÏÎ¯ÎµÏ‚ Ï€Î¿Ï… Î¸Î± Î¼Ï€Î¿ÏÎ¿ÏÏƒÎ±Î½ Î½Î± Î±Î»Î»Î¬Î¾Î¿Ï…Î½ Ï„Î¿Î½ Ï„ÏÏŒÏ€Î¿ Ï€Î¿Ï… ÏƒÎºÎ­Ï†Ï„ÎµÏƒÏ„Îµ | bookly Î‘Î½Î±ÎºÎ¬Î»Ï…ÏˆÎ·	popup_title	21.0	0.0	0.0
11 Ğ¸Ğ½Ñ‚ĞµÑ€ĞµÑĞ½Ñ‹Ñ… Ñ€Ğ°ÑÑĞºĞ°Ğ·Ğ¾Ğ², ĞºĞ¾Ñ‚Ğ¾Ñ€Ñ‹Ğµ Ğ¼Ğ¾Ğ³ÑƒÑ‚ Ğ¸Ğ·Ğ¼ĞµĞ½Ğ¸Ñ‚ÑŒ Ğ²Ğ°Ñˆ Ğ¾Ğ±Ñ€Ğ°Ğ· Ğ¼Ñ‹ÑˆĞ»ĞµĞ½Ğ¸Ñ | bookly Discovery	popup_title	21.0	0.0	0.0
11 à¤¦à¤¿à¤²à¤šà¤¸à¥à¤ª à¤›à¥‹à¤Ÿà¥€ à¤•à¤¹à¤¾à¤¨à¤¿à¤¯à¤¾à¤‚ à¤œà¥‹ à¤†à¤ªà¤•à¥‡ à¤¸à¥‹à¤šà¤¨à¥‡ à¤•à¥‡ à¤¤à¤°à¥€à¤•à¥‡ à¤•à¥‹ à¤¬à¤¦à¤² à¤¸à¤•à¤¤à¥€ à¤¹à¥ˆà¤‚ à¤°à¥€à¤¡à¤¸à¥€ à¤¡à¤¿à¤¸à¥à¤•à¤µà¤°à¥€	popup_title	21.0	0.0	0.0
12 AdÄ±mda Ä°konik Bir Karakter Ä°smiyle Gelme	popup_title	21.0	0.0	0.0
12 Book Marketing Mistakes Every Author Needs to Ban in 2020	popup_title	196.0	0.0	0.0
12 Crucial Tips for Success as a Freelance Editor	popup_title	77.0	0.0	0.0
12 Jenis Karakter Ditampilkan di Hampir Semua Cerita	popup_title	70.0	0.0	0.0
12 Types of Travel Writing Every Writer Should Know	popup_title	2079.0	0.0	0.0
12 loáº¡i nhÃ¢n váº­t ná»•i báº­t trong háº§u háº¿t cÃ¡c cÃ¢u chuyá»‡n	popup_title	21.0	0.0	0.0
17 ĞŸÑ€Ğ¸Ğ¼ĞµÑ€Ğ¸ Ğ·Ğ° Ğ¿Ñ€ĞµĞ³Ğ»ĞµĞ´ Ğ½Ğ° ĞºĞ½Ğ¸Ğ³Ğ¸, ĞºĞ¾Ğ¸Ñ‚Ğ¾ Ñ‰Ğµ Ğ²Ğ¸ Ğ¿Ğ¾Ğ¼Ğ¾Ğ³Ğ½Ğ°Ñ‚ Ğ´Ğ° Ğ½Ğ°Ğ¿Ğ¸ÑˆĞµÑ‚Ğµ Ğ¿ĞµÑ€Ñ„ĞµĞºÑ‚Ğ½Ğ¸Ñ Ğ¿Ñ€ĞµĞ³Ğ»ĞµĞ´ | ĞÑ‚ĞºÑ€Ğ¸Ñ‚Ğ¸Ğµ Ğ½Ğ° Ğ Ğ¸Ğ¹Ğ´Ñ	popup_title	21.0	0.0	0.0
17æœ¬ä¹¦è¯„è®ºç¤ºä¾‹ï¼Œå¯å¸®åŠ©æ‚¨æ’°å†™å®Œç¾çš„è¯„è®º èŠ¦è‹‡å‘ç°	popup_title	21.0	0.0	0.0
20 Addictive Urban Fantasy Books | bookly Discovery	popup_title	3269.0	0.0	0.0
4 à´²à´³à´¿à´¤à´®à´¾à´¯ à´˜à´Ÿàµà´Ÿà´™àµà´™à´³à´¿àµ½ à´…à´µà´¿à´¶àµà´µà´¸à´¨àµ€à´¯à´®à´¾à´¯ à´¸à´‚à´—àµà´°à´¹à´‚ à´à´™àµà´™à´¨àµ† à´à´´àµà´¤à´¾à´‚	popup_title	21.0	0.0	0.0
30 Ø¬Ù‡Ø§Ø² Ø¨Ù„Ø§ØºÙŠ - ÙˆÙƒÙŠÙÙŠØ© Ø§Ø³ØªØ®Ø¯Ø§Ù…Ù‡Ø§	popup_title	21.0	0.0	0.0
30+ Best Young Adult Romance Books That You Can't Miss Out On | bookly Discovery	popup_title	6405.0	0.0	0.0
30+ Writing Podcasts You Should Be Listening To	popup_title	105.0	0.0	0.0
30ç§ä¿®è¾å·¥å…·â€”ä»¥åŠå¦‚ä½•ä½¿ç”¨å®ƒä»¬	popup_title	42.0	0.0	0.0
33 Best Vampires Books to Sink Your Teeth Into | bookly Discovery	popup_title	5285.0	0.0	0.0
33 mejores libros de vampiros para hundir tus dientes | bookly Discovery	popup_title	21.0	0.0	0.0
4 Things That Surprised me About Self-Publishing an Academic Book	popup_title	56.0	0.0	0.0
4 Things to Know Before You Write a Picture Book (Webinar)	popup_title	35.0	0.0	0.0
4 Tips to Market Children's Books, According to a Bestselling Author	popup_title	581.0	0.0	0.0
40+ Paranormal Romance Books with Bite | bookly Discovery	popup_title	3066.0	0.0	0.0
30 dispositivos retÃ³ricos - y cÃ³mo usarlos	popup_title	21.0	0.0	0.0
40+ Stupendous Sea Monsters (in Stories Youâ€™ll Want to Dive Into) | bookly Discovery	popup_title	560.0	0.0	0.0
45+ of the Best Audiobooks for Road Trips in 2019 | bookly Discovery	popup_title	3647.0	0.0	0.0
45+ Ø§Ù„Ø£Ø¬Ù‡Ø²Ø© ÙˆØ§Ù„Ù…ØµØ·Ù„Ø­Ø§Øª Ø§Ù„Ø£Ø¯Ø¨ÙŠØ© ÙŠØ¬Ø¨ Ø£Ù† ÙŠØ¹Ø±Ù ÙƒÙ„ ÙƒØ§ØªØ¨	popup_title	21.0	0.0	0.0
5 Common Mistakes of Writing Mystery [Video] â€¢ bookly	popup_title	161.0	0.0	0.0
5 Common Traits of Successful Young Adult Novels (Webinar)	popup_title	70.0	0.0	0.0
5 Places to Find Childrenâ€™s Book Illustrator Jobs	popup_title	1155.0	0.0	0.0
5 Reasons Why Selling to Libraries is a Top Priority	popup_title	168.0	0.0	0.0
5 Simple Marketing Strategies for First-Time Authors	popup_title	21.0	0.0	0.0
5 Things I Learned About Writing from Grammarly	popup_title	91.0	0.0	0.0
30 mitycznych stworzeÅ„ (i jak je znaleÅºÄ‡) ğŸ‰ | bookly Discovery	popup_title	21.0	0.0	0.0
30 Rhetorische GerÃ¤te - und wie man sie benutzt	popup_title	21.0	0.0	0.0
20 Amazing Dragon Books for Fantasy Fans | bookly Discovery	popup_title	2037.0	0.0	0.0
2020'nin En Ä°yi Yazma AraÃ§larÄ±: Yazarlar Ä°Ã§in Bir KÄ±lavuz	popup_title	21.0	0.0	0.0
20 Expert-Tested Writing Strategies in 2020 That You Have to Try	popup_title	112.0	0.0	0.0
20 Simple and Powerful Tips for Successful Freelancing â€¢ bookly	popup_title	105.0	0.0	0.0
20 editores de libros mÃ¡s grandes en 2020 que todo autor debe saber	popup_title	21.0	0.0	0.0
20 nhÃ  xuáº¥t báº£n sÃ¡ch lá»›n nháº¥t nÄƒm 2020 mÃ  má»i tÃ¡c giáº£ nÃªn biáº¿t	popup_title	21.0	0.0	0.0
2020 YÄ±lÄ±nda Her YazarÄ±n Bilmesi Gereken 20 BÃ¼yÃ¼k Kitap YayÄ±ncÄ±sÄ±	popup_title	42.0	0.0	0.0
2020 à¤®à¥‡à¤‚ 20 à¤¸à¤¬à¤¸à¥‡ à¤¬à¤¡à¤¼à¥‡ à¤¬à¥à¤• à¤ªà¤¬à¥à¤²à¤¿à¤¶à¤°à¥à¤¸ à¤œà¤¿à¤¨à¥à¤¹à¥‡à¤‚ à¤¹à¤° à¤²à¥‡à¤–à¤• à¤•à¥‹ à¤œà¤¾à¤¨à¤¨à¤¾ à¤šà¤¾à¤¹à¤¿à¤	popup_title	21.0	0.0	0.0
2020 à¤®à¥‡à¤‚ 20 à¤¸à¤¬à¤¸à¥‡ à¤¬à¤¡à¤¼à¥‡ à¤¬à¥à¤• à¤ªà¤¬à¥à¤²à¤¿à¤¶à¤°à¥à¤¸ à¤œà¥‹ à¤¹à¤° à¤²à¥‡à¤–à¤• à¤•à¥‹ à¤œà¤¾à¤¨à¤¨à¤¾ à¤šà¤¾à¤¹à¤¿à¤	popup_title	21.0	0.0	0.0
2020 à¦ 20 à¦¬à§ƒà¦¹à¦¤à§à¦¤à¦® à¦¬à¦‡ à¦ªà§à¦°à¦•à¦¾à¦¶à¦• à¦¯à¦¾ à¦ªà§à¦°à¦¤à§à¦¯à§‡à¦• à¦²à§‡à¦–à¦•à§‡à¦° à¦œà¦¾à¦¨à¦¾ à¦‰à¦šà¦¿à¦¤	popup_title	21.0	0.0	0.0
2020'de Yazma YarÄ±ÅŸmalarÄ±nÄ±n Nihai Listesi â€¢ Nakit Ã–dÃ¼ller KazanÄ±n!	popup_title	21.0	0.0	0.0
2020å¹´ã®ãƒ™ã‚¹ãƒˆå°èª¬ãƒ©ã‚¤ãƒ†ã‚£ãƒ³ã‚°ã‚½ãƒ•ãƒˆã‚¦ã‚§ã‚¢ï¼ˆ+ 4ã¤ã®ç„¡æ–™ã®ãƒ©ã‚¤ãƒ†ã‚£ãƒ³ã‚°ãƒ—ãƒ­ã‚°ãƒ©ãƒ ï¼‰	popup_title	21.0	0.0	0.0
30 Mythical Creatures (and Where to Find Them) ğŸ‰ | bookly Discovery	popup_title	17717.0	0.0	0.0
21 of the Best Places to Get FREE Kindle Books | bookly Discovery	popup_title	210.0	0.0	0.0
22 Dr. Seuss Books That You Should Read At Least Once | bookly Discovery	popup_title	1085.0	0.0	0.0
23 Psychological Thrillers That Will Mess With Your Head | bookly Discovery	popup_title	2023.0	0.0	0.0
25 histÃ³rias de ficÃ§Ã£o em flash que valem (uma pequena quantidade) do seu tempo | bookly Discovery	popup_title	21.0	0.0	0.0
25 à¤¸à¤°à¥à¤µà¤¶à¥à¤°à¥‡à¤·à¥à¤  à¤°à¥‹à¤®à¤¾à¤‚à¤¸ à¤²à¥‡à¤–à¤• à¤”à¤° à¤‰à¤¨à¤•à¥‡ à¤¸à¤¬à¤¸à¥‡ à¤…à¤šà¥à¤›à¥‡ à¤œà¤µà¤¾à¤¬ | à¤°à¥€à¤¡à¤¸à¥€ à¤¡à¤¿à¤¸à¥à¤•à¤µà¤°à¥€	popup_title	21.0	0.0	0.0
25+ Grimdark Books to Tide You Over Until Winds of Winter | bookly Discovery	popup_title	1232.0	0.0	0.0
25+ TERRIFIC Repetition Examples in Literature	popup_title	3318.0	0.0	0.0
250+ Ğ´Ñ€ÑƒĞ³Ğ¸Ñ… ÑĞ»Ğ¾Ğ² Ğ´Ğ»Ñ Â«Ğ¡ĞºĞ°Ğ·Ğ°Ğ»Â», Ñ‡Ñ‚Ğ¾Ğ±Ñ‹ ÑƒĞ»ÑƒÑ‡ÑˆĞ¸Ñ‚ÑŒ Ğ²Ğ°Ñˆ Ğ´Ğ¸Ğ°Ğ»Ğ¾Ğ³	popup_title	21.0	0.0	0.0
30 Fabelwesen (und wo man sie findet) ğŸ‰ | bookly Entdeckung	popup_title	21.0	0.0	0.0
Dialogue Writing Exercises	popup_title	210.0	0.0	0.0
Diana Tisan â€“ bookly Prompts	popup_title	21.0	0.0	0.0
Die 10 besten Agatha Christie BÃ¼cher, die jeder lesen sollte | bookly Entdeckung	popup_title	21.0	0.0	0.0
Dil AdÄ± JeneratÃ¶rÃ¼ â€¢ 100.000+ Ä°smin ULTIMATE BankasÄ±	popup_title	21.0	0.0	0.0
How to Monotask Your Way to Writing Productivity	popup_title	35.0	0.0	0.0
How to Perfect Your Manuscript Submission: Tips from a Publisher	popup_title	525.0	0.0	0.0
How to Prepare for NaNoWriMo: Shaelin's Top Tips	popup_title	21.0	0.0	0.0
How to Promote Your Book: 25 Hacks for Authors	popup_title	364.0	0.0	0.0
How to Publish Poetry: 4 Ways to Get Your Work in Front of Readers	popup_title	161.0	0.0	0.0
How to Publish Your Picture Book (Free Course) â€¢ bookly	popup_title	42.0	0.0	0.0
How to Publish a Book in 2020: A 10-Step Guide for New Authors - https://blog.bookly.com/how-to-publish-a-book/	popup_title	21.0	0.0	0.0
How to Publish a Short Story: 6 Steps to Perfect Your Submission	popup_title	343.0	0.0	0.0
How to Publish an Ebook: A 9-Step Guide for Success	popup_title	112.0	0.0	0.0
How to Publish on Google Play Books in 2020	popup_title	182.0	0.0	0.0
How to Refine the 'Voice' of Your Book	popup_title	35.0	0.0	0.0
How to Revise Your Novel (and Have Fun Doing It)	popup_title	21.0	0.0	0.0
How to Self-Edit Like a Pro (Free Course) â€¢ bookly	popup_title	126.0	0.0	0.0
How to Self-Publish a Graphic Novel	popup_title	434.0	0.0	0.0
How to Set Up Your Amazon Author Central Page in 3 Steps	popup_title	273.0	0.0	0.0
How to Set Up and Grow Your Mailing List (Free Course) â€¢ bookly	popup_title	56.0	0.0	0.0
How to Structure a Novel Before You Write it	popup_title	273.0	0.0	0.0
How to Write A Bestselling Novel From a Character's Viewpoint	popup_title	21.0	0.0	0.0
How to Write Multiple POVs the 'Game of Thrones' Way [Webinar]	popup_title	378.0	0.0	0.0
How to Write YA That Sells (Free Course) â€¢ bookly	popup_title	70.0	0.0	0.0
How to Write a Book Review in 3 Steps | bookly Discovery	popup_title	1806.0	0.0	0.0
How to Market a Nonfiction Book: 5 Steps to Selling More Books	popup_title	252.0	0.0	0.0
How to Market a Memoir: Top Tips From the Experts	popup_title	91.0	0.0	0.0
How to Market Your Children's Book (Free Course) â€¢ bookly	popup_title	105.0	0.0	0.0
How to Find Your Target Readers (Free Course)	popup_title	56.0	0.0	0.0
How to Become a Proofreader in 6 Simple Steps â€¢ bookly	popup_title	21.0	0.0	0.0
How to Become a Writer: 7 Steps for Starting a Writing Career	popup_title	147.0	0.0	0.0
How to Become an Author: The Ultimate Guide	popup_title	413.0	0.0	0.0
How to Create a Great Audiobook (Free Course) â€¢ bookly	popup_title	56.0	0.0	0.0
How to Create a Regular Writing Habit â€¢ bookly Live	popup_title	56.0	0.0	0.0
How to Create an Effective Book Publicity Plan	popup_title	525.0	0.0	0.0
How to Create the Ultimate Book Marketing Plan (Free Course) â€¢ bookly	popup_title	77.0	0.0	0.0
How to End a Story Right: 13 Things You Need to Know	popup_title	2492.0	0.0	0.0
How to Find Ghostwriting Jobs as a Freelance Writer	popup_title	595.0	0.0	0.0
How to Find a Children's Book Editor in 6 Simple Steps	popup_title	42.0	0.0	0.0
How to Market Your Book in 8 Simple Steps	popup_title	560.0	0.0	0.0
How to Find the Right Nonfiction Editor in 7 Foolproof Steps	popup_title	56.0	0.0	0.0
How to Get Amazing Endorsements for Your Book â€¢ bookly Live	popup_title	378.0	0.0	0.0
How to Get Freelance Clients: 7 Insider Tips to Help You Succeed	popup_title	21.0	0.0	0.0
How to Get a Book Translated in 6 Simple Steps: the Ultimate Guide	popup_title	1554.0	0.0	0.0
How to Identify a Target Audience for Your Book in 3 Steps	popup_title	1246.0	0.0	0.0
How to Kill Your Darlings	popup_title	21.0	0.0	0.0
How to Make Blogging Work as an Author	popup_title	21.0	0.0	0.0
How to Make a Literary Agent Read your ENTIRE Manuscript (Webinar)	popup_title	21.0	0.0	0.0
How to Manage Tax as a Freelance Editor (in 8 Steps)	popup_title	112.0	0.0	0.0
How to Write a Business Book (Free Course) â€¢ bookly	popup_title	21.0	0.0	0.0
How to Write a Cookbook in 8 Deliciously Simple Steps	popup_title	21.0	0.0	0.0
How to Write a Fight Scene: 5 Simple Steps To Action-Filled Fights	popup_title	1281.0	0.0	0.0
Likhitha Ramagiri â€“ bookly Prompts	popup_title	35.0	0.0	0.0
Koreanischer Namensgenerator â€¢ Die ultimative Bank mit mehr als 50.000 Namen	popup_title	21.0	0.0	0.0
KoreaÅ„ski generator nazw â€¢ ULTIMATE Bank ponad 50 000 nazwisk	popup_title	35.0	0.0	0.0
KrÄ…g opowieÅ›ci Dana Harmona: 8 krokÃ³w do potÄ™Å¼nej struktury	popup_title	21.0	0.0	0.0
KÃ¶nyvcÃ­m-generÃ¡tor â€¢ A 10 000 cÃ­m vÃ©gsÅ‘ bankja	popup_title	21.0	0.0	0.0
KÃ¶tÃ¼lÃ¼k AdÄ± Ãœreticisi â€¢ 50.000+ Ä°smin ULTIMATE BankasÄ±	popup_title	21.0	0.0	0.0
Las 100 mejores novelas grÃ¡ficas de todos los tiempos | bookly Discovery	popup_title	21.0	0.0	0.0
Las 12 MEJORES empresas de autoediciÃ³n de 2020	popup_title	21.0	0.0	0.0
Launching Your Book on bookly Discovery | bookly Discovery	popup_title	35.0	0.0	0.0
Learning from a world class designer, Erik Spiekermann	popup_title	56.0	0.0	0.0
Lola Sable â€“ bookly Prompts	popup_title	21.0	0.0	0.0
Kendra Stone â€“ bookly Prompts	popup_title	35.0	0.0	0.0
Los 12 mejores libros de fantasÃ­a Ã©pica como Juego de tronos | bookly Discovery	popup_title	21.0	0.0	0.0
Mais de 150 peculiaridades Ãºteis de personagens (mais alguns clichÃªs a serem evitados)	popup_title	21.0	0.0	0.0
Marie Titcomb â€“ bookly Prompts	popup_title	21.0	0.0	0.0
Martin Cavannagh, Author at bookly	popup_title	42.0	0.0	0.0
Masha Kurbatova â€“ bookly Prompts	popup_title	21.0	0.0	0.0
Medieval Name Generator â€¢ The ULTIMATE Bank of 100,000+ Names	popup_title	2506.0	0.0	0.0
Meet Libiro: the best indie-only ebook store	popup_title	35.0	0.0	0.0
Meilleures suggestions d'Ã©criture de fantasy et de science-fiction de 2020	popup_title	21.0	0.0	0.0
Mi az a megbÃ­zhatatlan narrÃ¡tor? MeghatÃ¡rozÃ¡s Ã©s 6 valÃ³di pÃ©lda	popup_title	21.0	0.0	0.0
Kobo Publishing: Getting Your Book Featured â€¢ bookly	popup_title	105.0	0.0	0.0
Karen Mcdermott â€“ bookly Prompts	popup_title	21.0	0.0	0.0
How to Write a Series: 5 Fundamental Tips for Expanding Your Story	popup_title	91.0	0.0	0.0
Interview with Book Designer Nuno Moreira	popup_title	21.0	0.0	0.0
How to Write for Middle-Grade Readers (Free Course) â€¢ bookly	popup_title	56.0	0.0	0.0
How to become a better editor with Julie Tibbott How to become a better editor	popup_title	42.0	0.0	0.0
How working with an editor helped me score a publishing deal	popup_title	56.0	0.0	0.0
Hybrid Publishers: What are they and should you TRUST them?	popup_title	812.0	0.0	0.0
I'm Writing a Trilogy (and How You Can, Too)	popup_title	126.0	0.0	0.0
Identify the Genre of Your Novel â€¢ How to Write a Novel	popup_title	105.0	0.0	0.0
If You Can't Find the Stories You Want to Read, Write Them Yourself	popup_title	35.0	0.0	0.0
Inciting Incident 101: Definition and Expert Tips (With Real Examples!)	popup_title	2114.0	0.0	0.0
Insecure Writers, Here's Your Support Group	popup_title	21.0	0.0	0.0
"Interview: ""How I became a self-published millionaire"""	popup_title	56.0	0.0	0.0
Josiah Chia â€“ bookly Prompts	popup_title	21.0	0.0	0.0
Interview: How I went from being a blogger to creating author websites	popup_title	21.0	0.0	0.0
Interview: Tucker Max dishes on the state of publishing	popup_title	56.0	0.0	0.0
Introducing Prolifikology â€¢ How to Build a Writing Routine	popup_title	21.0	0.0	0.0
Is It Worth Partnering With A Book Marketer?	popup_title	126.0	0.0	0.0
Jakie sÄ… standardowe rozmiary ksiÄ…Å¼ek w publikacjach? â€¢ TwÃ³j przewodnik po przycinaniu rozmiarÃ³w	popup_title	21.0	0.0	0.0
Japanischer Namensgenerator â€¢ Die ultimative Bank mit mehr als 50.000 Namen	popup_title	42.0	0.0	0.0
Japon Ä°sim JeneratÃ¶rÃ¼ â€¢ 50.000+ Ä°smin ULTIMATE BankasÄ±	popup_title	56.0	0.0	0.0
JapoÅ„ski generator nazw â€¢ ULTIMATE Bank ponad 50 000 nazwisk	popup_title	21.0	0.0	0.0
Jianna Cayanan â€“ bookly Prompts	popup_title	21.0	0.0	0.0
How to Become a Book Reviewer in 12 Steps | bookly Discovery	popup_title	1407.0	0.0	0.0
How to Become a Bestselling Author on Amazon â€¢ By ML Banner	popup_title	35.0	0.0	0.0
How to Avoid the Mushy Middle in any Novel	popup_title	35.0	0.0	0.0
From Our Authors â€¢ The bookly Blog	popup_title	77.0	0.0	0.0
Fantasy Name Generator â€¢ The ULTIMATE Bank of 100,000+ Names	popup_title	3339.0	0.0	0.0
Fantasy-kirjan otsikkogeneraattori â€¢ 10000 nimikkeen lopullinen pankki	popup_title	21.0	0.0	0.0
Find and Perfect Your Voice â€¢ How to Write a Novel	popup_title	21.0	0.0	0.0
First Line Frenzy: An Editor Critiques Your Book's Opening Line	popup_title	105.0	0.0	0.0
Free Online Design Courses for Authors â€¢ bookly Learning	popup_title	21.0	0.0	0.0
Free Online Editing Courses for Authors â€¢ bookly Learning	popup_title	196.0	0.0	0.0
Free Online Marketing Courses for Authors â€¢ bookly Learning	popup_title	42.0	0.0	0.0
Free Template: How to Format a Romance Novel	popup_title	217.0	0.0	0.0
From In-House to Freelance: Interview with an Editor	popup_title	35.0	0.0	0.0
Generador de nombres coreanos â€¢ El banco ULTIMATE de mÃ¡s de 50,000 nombres	popup_title	21.0	0.0	0.0
Facebook Ads for Authors (interview with Mark Dawson)	popup_title	21.0	0.0	0.0
Generador de nombres de mitologÃ­a griega â€¢ El Ãºltimo banco de mÃ¡s de 50,000 nombres	popup_title	42.0	0.0	0.0
Generador de nombres en espaÃ±ol â€¢ El banco ULTIMATE de mÃ¡s de 50,000 nombres	popup_title	63.0	0.0	0.0
Generador de nombres en inglÃ©s antiguo â€¢ El banco ULTIMATE de mÃ¡s de 50,000 nombres	popup_title	21.0	0.0	0.0
Generador de tÃ­tulos de libros â€¢ El Ãºltimo banco de 10,000 tÃ­tulos	popup_title	21.0	0.0	0.0
Generator Judul Buku Fantasi â€¢ The Ultimate Bank of 10.000 Judul	popup_title	21.0	0.0	0.0
Generator Nama Elf â€¢ Bank ULTIMATE dengan 50.000+ Nama	popup_title	35.0	0.0	0.0
Generator Nama Korea â€¢ Bank ULTIMATE dengan 50.000+ Nama	popup_title	21.0	0.0	0.0
Generator de titluri de carte de mister â€¢ Banca finalÄƒ de 10.000 de titluri	popup_title	21.0	0.0	0.0
Generator de titluri de carte romanticÄƒ â€¢ Banca finalÄƒ de 10.000 de titluri	popup_title	21.0	0.0	0.0
Facebook Author Pages: Is It Still Worth Your Time?	popup_title	21.0	0.0	0.0
Exposition in Literature: the Ultimate Guide with 19 Examples	popup_title	546.0	0.0	0.0
Generator Å›redniowiecznych nazw â€¢ ULTIMATE Bank ponad 100 000 nazw	popup_title	21.0	0.0	0.0
Editorial Freelancers Association: Is It Worth It to Join?	popup_title	21.0	0.0	0.0
Dragon Name Generator â€¢ De ULTIEME bank met meer dan 50.000 namen	popup_title	21.0	0.0	0.0
Dragon Name Generator â€¢ The ULTIMATE Bank of 50,000+ Names	popup_title	11242.0	0.0	0.0
Dyana J. stephen â€“ bookly Prompts	popup_title	21.0	0.0	0.0
DÃ¼nya YapÄ±mÄ±: Ana Rehber (Åablonlu)	popup_title	21.0	0.0	0.0
EPUB vs mobi: Which eBook Format Should You Use? - https://blog.bookly.com/	popup_title	21.0	0.0	0.0
Earth to Writers - A Weekly Writing Contest	popup_title	21.0	0.0	0.0
Editing Your Work â€¢ How to Craft a Killer Short Story	popup_title	161.0	0.0	0.0
Editing services... from actual book editors â€¢ Meet our editors!	popup_title	56.0	0.0	0.0
Editorial Assistant Jobs in NYC | Salary, Duties, Requirements	popup_title	56.0	0.0	0.0
Egyptian Mythology Name Generator â€¢ The ULTIMATE Bank of 50,000+ Names	popup_title	1589.0	0.0	0.0
ExposiciÃ³n en literatura: la guÃ­a definitiva con 19 ejemplos	popup_title	21.0	0.0	0.0
Elf Ä°sim JeneratÃ¶rÃ¼ â€¢ 50.000+ Ä°smin ULTIMATE BankasÄ±	popup_title	21.0	0.0	0.0
Embracing the Restrictions â€¢ How to Craft a Killer Short Story	popup_title	56.0	0.0	0.0
Emma Gaughan â€“ bookly Prompts	popup_title	21.0	0.0	0.0
End of Story - A Weekly Writing Contest	popup_title	21.0	0.0	0.0
Engelse naamgenerator â€¢ De ULTIEME bank met meer dan 50.000 namen	popup_title	21.0	0.0	0.0
English Name Generator â€¢ 50.000'den fazla Ä°smin ULTIMATE BankasÄ±	popup_title	56.0	0.0	0.0
English Name Generator â€¢ El Ãºltimo banco de mÃ¡s de 50,000 nombres	popup_title	42.0	0.0	0.0
"Evernote's Beat Buhlmann: ""How I became the CEO of my own life"""	popup_title	21.0	0.0	0.0
Exploring Your Topic â€¢ How to Craft a Killer Short Story	popup_title	42.0	0.0	0.0
Generator tytuÅ‚Ã³w kryminalnych â€¢ The Ultimate Bank z 10 000 tytuÅ‚Ã³w	popup_title	21.0	0.0	0.0
Generatore di nomi umani â€¢ La banca ULTIMATE di oltre 50.000 nomi	popup_title	21.0	0.0	0.0
"How to ""spark the curiosity of the readers"""	popup_title	21.0	0.0	0.0
How I Got my Indie Novel Into the Nation's Largest Brick&Mortar Store	popup_title	105.0	0.0	0.0
Hindu Mythology Name Generator â€¢ The ULTIMATE Bank of 50,000+ Names	popup_title	847.0	0.0	0.0
Hot Market Niches and Amazon Trends in 2019	popup_title	560.0	0.0	0.0
How Authors Can Get the Most Out of Twitter	popup_title	217.0	0.0	0.0
How Authors and Editors Can Work Better Together	popup_title	21.0	0.0	0.0
How Fantasy Has Changed Since the 1920s	popup_title	308.0	0.0	0.0
How Freelance Indexers Help Your Book Succeed	popup_title	91.0	0.0	0.0
How I Established My Romance Novel's Subgenres	popup_title	21.0	0.0	0.0
How I Failed at Promoting my Novel with Amazon Advertising	popup_title	700.0	0.0	0.0
How I Got Noticed on Wattpad (and Won the Wattys)	popup_title	1442.0	0.0	0.0
How I Scored an Amazon Book Deal with Thomas & Mercer (in 5 Stages)	popup_title	343.0	0.0	0.0
Hero's Journey 101: definizione e guida dettagliata (con checklist!)	popup_title	42.0	0.0	0.0
"How Making My Book Available in Print Landed It In ""The Guardian"""	popup_title	21.0	0.0	0.0
How Much Does a Ghostwriter Cost, According to a Professional Ghost	popup_title	1967.0	0.0	0.0
How My Editor Helped Me Understand Historical Fiction â€¢ The bookly Blog	popup_title	56.0	0.0	0.0
How Reading Comic Books Improved My Writing	popup_title	70.0	0.0	0.0
How To Develop Memorable Characters (Free Course) â€¢ bookly	popup_title	161.0	0.0	0.0
How To Revise A Novel: A Step-by-Step Guide	popup_title	217.0	0.0	0.0
How To Set Up Your Author Profile on bookly	popup_title	35.0	0.0	0.0
How Writing about Death Saved my Life	popup_title	56.0	0.0	0.0
How a Cartoonist for Hire Can Get Your Book's Point Across	popup_title	70.0	0.0	0.0
Hindi Name Generator â€¢ The ULTIMATE Bank of 50,000+ Names	popup_title	3920.0	0.0	0.0
Here's How to Navigate a Twitter Pitch Party (and Land a Book Deal)	popup_title	126.0	0.0	0.0
Generatore di titoli di libri â€¢ The Ultimate Bank of 10,000 Titles	popup_title	21.0	0.0	0.0
Get Paid to Read: 17 Legitimate Sites That Pay Reviewers | bookly Discovery	popup_title	11060.0	0.0	0.0
Gerador de nome humano â€¢ O banco ULTIMATE de mais de 50.000 nomes	popup_title	21.0	0.0	0.0
Gerador de nomes de dragÃµes â€¢ O Ãºltimo banco de mais de 50.000 nomes	popup_title	21.0	0.0	0.0
Gerador de nomes em inglÃªs antigo â€¢ O Ãºltimo banco de mais de 50.000 nomes	popup_title	21.0	0.0	0.0
Gerador de nomes em inglÃªs â€¢ O ULTIMATE Bank de mais de 50.000 nomes	popup_title	42.0	0.0	0.0
Gerador de nomes em japonÃªs â€¢ O banco ULTIMATE de mais de 50.000 nomes	popup_title	21.0	0.0	0.0
Gerador de tÃ­tulos de livros de fantasia â€¢ O banco final de 10.000 tÃ­tulos	popup_title	35.0	0.0	0.0
Gerador de tÃ­tulos de livros de ficÃ§Ã£o cientÃ­fica â€¢ O banco definitivo de 10.000 tÃ­tulos	popup_title	21.0	0.0	0.0
Gerador de tÃ­tulos de livros â€¢ O banco final de 10.000 tÃ­tulos	popup_title	84.0	0.0	0.0
German Name Generator â€¢ The ULTIMATE Bank of 50,000+ Names	popup_title	7098.0	0.0	0.0
"Getting ""Traction"" for Your Books â€” by Justin Mares"	popup_title	21.0	0.0	0.0
Harshini Jivaratnam â€“ bookly Prompts	popup_title	21.0	0.0	0.0
Getting Your Book Coverage in the National Press	popup_title	35.0	0.0	0.0
God Name Generator â€¢ The ULTIMATE Bank of 100,000+ Names	popup_title	959.0	0.0	0.0
Guide to Southern Gothic: 10 Dark Must-Reads | bookly Discovery	popup_title	1463.0	0.0	0.0
GÃ©nÃ©rateur de noms corÃ©en â€¢ ULTIMATE Bank of 50,000+ Names	popup_title	21.0	0.0	0.0
GÃ©nÃ©rateur de noms de mythologie Ã©gyptienne â€¢ La banque ULTIMATE de plus de 50 000 noms	popup_title	21.0	0.0	0.0
GÃ©nÃ©rateur de noms franÃ§ais â€¢ La banque ULTIMATE de plus de 50 000 noms	popup_title	21.0	0.0	0.0
GÃ©nÃ©rateur de titres de livre â€¢ La banque ultime de 10 000 titres	popup_title	21.0	0.0	0.0
"Harry Bingham: A Man Who Said ""No"" To the World's Biggest Publisher"	popup_title	105.0	0.0	0.0
Harry Potter Books in Order: Your J.K. Rowling Reading List | bookly Discovery	popup_title	6461.0	0.0	0.0
ï»¿ï»¿ï»¿ï»¿ï»¿The Ultimate List of Writing Contests in 2020 â€¢ Win Cash Prizes!	popup_title	21.0	0.0	0.0
