popup_header	source	views	registration	conversion
"
Modelo gratuito: Estrutura da histÃ³ria em trÃªs atos"	popup_header	21.0	21.0	100.0
"
Descargar: Plantilla de construcciÃ³n mundial"	popup_header	21.0	21.0	100.0
"
Modello gratuito: struttura della storia in tre atti"	popup_header	21.0	21.0	100.0
"
Uma maneira simples e gratuita de escrever seu livro"	popup_header	21.0	21.0	100.0
"
ĞĞ±ÑĞ¾Ğ»ÑÑ‚Ğ½Ğ¾Ğµ Ğ±ĞµÑĞ¿Ğ»Ğ°Ñ‚Ğ½Ğ¾Ğµ Ğ¿Ñ€Ğ¸Ğ»Ğ¾Ğ¶ĞµĞ½Ğ¸Ğµ Ğ´Ğ»Ñ Ğ¿Ğ¸ÑÑŒĞ¼Ğ°"	popup_header	21.0	21.0	100.0
"
à¸”à¸²à¸§à¸™à¹Œà¹‚à¸«à¸¥à¸”à¸Ÿà¸£à¸µ: à¹€à¸—à¸¡à¹€à¸à¸¥à¸•à¹‚à¸›à¸£à¹„à¸Ÿà¸¥à¹Œà¸•à¸±à¸§à¸¥à¸°à¸„à¸£"	popup_header	21.0	21.0	100.0
"
ì˜ê°ì„ ì–»ì„ ë•Œê¹Œì§€ ê¸°ë‹¤ë¦¬ì§€ ë§ˆì‹­ì‹œì˜¤"	popup_header	21.0	21.0	100.0
"
Download grÃ¡tis: modelo de proposta de livro"	popup_header	21.0	21.0	100.0
"
Curso gratuito: desarrollo del personaje"	popup_header	21.0	21.0	100.0
"
Free Course: Amazon Algorithms"	popup_header	56.0	21.0	37.5
"
Free Download: Author Website Checklist"	popup_header	112.0	35.0	31.25
"
Free Course: Writing YA That Sells"	popup_header	525.0	91.0	17.333333333333336
"
Free: BookBub Promotion Planner"	popup_header	126.0	21.0	16.666666666666664
"
Download Your Free Website Checklist"	popup_header	133.0	21.0	15.789473684210526
"
Free course: Amazon ads for authors"	popup_header	434.0	56.0	12.903225806451612
"
Free Download: Short Story Format Template"	popup_header	231.0	21.0	9.090909090909092
"
Free Course: How to Write Non-Fiction"	popup_header	959.0	84.0	8.75912408759124
"
Free Course: Writing a Cookbook"	popup_header	3794.0	238.0	6.273062730627306
"
Free Course: Facebook Advertising for Authors"	popup_header	364.0	21.0	5.769230769230769
"
FREE: Author Bio Template"	popup_header	19488.0	1113.0	5.711206896551724
"
Free Download: Character Profile Template"	popup_header	160384.0	9051.0	5.643331005586592
"
Free Course: Writing a Novel"	popup_header	18074.0	889.0	4.918667699457785
"
Download: Worldbuilding Template"	popup_header	55055.0	2688.0	4.882390336935791
"
Free Download: Book Title Checklist"	popup_header	1890.0	91.0	4.814814814814815
Enter our weekly writing contest	popup_header	24332.0	1162.0	4.7756041426927505
"
Free Download: Book Proposal Template"	popup_header	47859.0	2205.0	4.60728389644581
"
Free Download: Manuscript Formatting Template"	popup_header	39921.0	1834.0	4.594073294757146
"
Free course: What do literary agents do?"	popup_header	3598.0	161.0	4.474708171206226
"
Free Course: Writing Middle-Grade Fiction"	popup_header	504.0	21.0	4.166666666666666
Join our weekly writing contest to win $50	popup_header	525.0	21.0	4.0
"
Format your books for FREE"	popup_header	2317.0	91.0	3.927492447129909
"
Free Download: Guide to Copyright Registration"	popup_header	6818.0	266.0	3.9014373716632447
Submit your short story for the chance to win $50!	popup_header	4228.0	161.0	3.80794701986755
Free Course: Writing Children's Books 101	popup_header	2436.0	91.0	3.7356321839080464
Free course: Self-Publishing 101	popup_header	15029.0	546.0	3.6329762459245454
Enter our short story competition	popup_header	34111.0	1183.0	3.468089472604145
"
Free Course: How to Publish a Picture Book"	popup_header	4809.0	161.0	3.3478893740902476
"
Free course: How to write a novel"	popup_header	26138.0	875.0	3.347616497054098
"
Free Course: Amazon Ads for Authors"	popup_header	1680.0	56.0	3.3333333333333335
"
Download: Author Website Checklist"	popup_header	4438.0	147.0	3.3123028391167195
The Ultimate FREE Writing App	popup_header	2989.0	98.0	3.278688524590164
"
Send your book to the top of its Amazon category"	popup_header	4585.0	147.0	3.2061068702290076
"
Free Course: Getting Reviews for Your Book"	popup_header	672.0	21.0	3.125
"
Free course: Start writing your book today"	popup_header	8477.0	259.0	3.05532617671346
Free Course: Traditional Publishing 101	popup_header	1400.0	42.0	3.0
"
Free Download: Book Editing Checklist"	popup_header	8757.0	259.0	2.9576338928856916
"
Free Template: Three-Act Story Structure"	popup_header	50498.0	1477.0	2.9248683116163017
"
Free Course: How to Write a Novel"	popup_header	18774.0	546.0	2.9082774049217
"
Download: Cover Design Checklist"	popup_header	17829.0	518.0	2.905378877110326
"
Download: Free Book Marketing Checklist"	popup_header	20006.0	567.0	2.834149755073478
"
A FREE and simple way to format your book"	popup_header	20636.0	581.0	2.8154681139755766
"
Download: Query Letter Checklist"	popup_header	23170.0	651.0	2.809667673716012
Win free fantasy books for a year	popup_header	756.0	21.0	2.7777777777777777
"
Free Course: Writing a Romance Novel"	popup_header	2058.0	56.0	2.7210884353741496
Free course: Children's Books 101	popup_header	2583.0	70.0	2.710027100271003
"
Free course: How to write a query letter"	popup_header	1302.0	35.0	2.6881720430107525
Download: Book Launch Checklist	popup_header	6146.0	154.0	2.5056947608200453
"
Join the most active freelance publishing community"	popup_header	2534.0	63.0	2.4861878453038675
"
Free Course: Writing Romance"	popup_header	12397.0	294.0	2.371541501976284
"
Join our writing prompts community today"	popup_header	10626.0	252.0	2.371541501976284
Free course: How to get book reviews	popup_header	2982.0	70.0	2.3474178403755865
"
Free Course: Story Editing for Authors"	popup_header	924.0	21.0	2.272727272727273
"
Download: Book Launch Checklist"	popup_header	32963.0	749.0	2.272244637927373
Free Download: Manuscript Formatting Template	popup_header	11025.0	245.0	2.2222222222222223
"
Enter our short story competition"	popup_header	40117.0	854.0	2.12877333798639
"
Write your book the way your readers will see it"	popup_header	18963.0	399.0	2.104097452934662
"
The Ultimate FREE Book-Formatting App"	popup_header	6104.0	126.0	2.064220183486239
Free course: Book Design 101	popup_header	33502.0	665.0	1.9849561220225658
"
Bring your story to life with AMAZING illustrations"	popup_header	1099.0	21.0	1.910828025477707
Free Course: Using the 3-Act Structure	popup_header	9590.0	182.0	1.897810218978102
"
Download: Free Book Launch Checklist"	popup_header	4795.0	91.0	1.897810218978102
Free Character Development Template	popup_header	18046.0	322.0	1.7843289371605897
Free Download: Writing Submissions Checklist	popup_header	1197.0	21.0	1.7543859649122806
Hit #1 in your Amazon category	popup_header	1225.0	21.0	1.7142857142857144
"
Download The Book Launch Checklist"	popup_header	7798.0	133.0	1.7055655296229804
"
The Ultimate FREE Writing App"	popup_header	34426.0	581.0	1.6876779178527856
Seeking short stories are you?	popup_header	4627.0	77.0	1.6641452344931922
"
Looking for a professional book editor?"	popup_header	3521.0	56.0	1.5904572564612325
"
Free Course: Writing Short Stories"	popup_header	5908.0	91.0	1.5402843601895735
"
Where can you find book marketers you can trust?"	popup_header	2744.0	42.0	1.530612244897959
"
Where can you find editors, designers, and book marketers you can trust?"	popup_header	7063.0	105.0	1.4866204162537164
"
Want a poetry expert to polish up your verses?"	popup_header	1575.0	21.0	1.3333333333333335
"
Bring your children's stories to life"	popup_header	33341.0	441.0	1.3226957799706067
"
Bring your publishing dreams to life"	popup_header	8421.0	105.0	1.2468827930174564
Free Course: Book Marketing 101	popup_header	7364.0	91.0	1.2357414448669202
"
Don't wait for inspiration to strike"	popup_header	8680.0	105.0	1.2096774193548387
"
Looking for new clients?"	popup_header	1757.0	21.0	1.1952191235059761
"
Free Course: Story Structure for Beginners"	popup_header	15652.0	182.0	1.1627906976744187
"
Take the first step to publication"	popup_header	3157.0	35.0	1.1086474501108647
Free Download: 75 Literary and Rhetorical Devices	popup_header	95753.0	1057.0	1.1038818627092624
"
Free Course: Getting a Picture Book Published"	popup_header	1946.0	21.0	1.079136690647482
Free course: How to write a novel	popup_header	362103.0	3892.0	1.0748322990972181
Donâ€™t forget your free 100 Books to Read Before You Die checklist!	popup_header	22316.0	238.0	1.066499372647428
"
Free Download: Complete List of Literary Devices"	popup_header	44898.0	469.0	1.0445899594636732
"
Get the latest freelancing news sent to your inbox"	popup_header	7483.0	77.0	1.028999064546305
"
Free Course: Writing Dialogue"	popup_header	3416.0	35.0	1.0245901639344261
Free Download: Book Review Template	popup_header	14861.0	147.0	0.9891662741403674
"
Free Download: Point of View Infographic"	popup_header	4284.0	42.0	0.9803921568627451
Free Download: 150+ Dialogue Tags	popup_header	17612.0	168.0	0.9538950715421303
"
Free: Plot Twist Creation Template"	popup_header	27958.0	259.0	0.9263895843765648
"
Hire an editor to polish your query letter"	popup_header	8351.0	77.0	0.9220452640402346
"
Supercharge your freelance career"	popup_header	9233.0	84.0	0.9097801364670205
Free Download: Character Profile Template	popup_header	257985.0	2275.0	0.8818342151675485
"
Free Course: Building a Writing Routine"	popup_header	8806.0	77.0	0.8744038155802861
Free course: How to write a short story	popup_header	161014.0	1358.0	0.8434049213111904
Free download: The Ultimate 100 Books to Read Before You Die Checklist	popup_header	2891.0	21.0	0.7263922518159807
"
Free Download: Point of View"	popup_header	8113.0	56.0	0.6902502157031924
Psst â€” everyoneâ€™s saying that this book is the next Harry Potter.	popup_header	3101.0	21.0	0.6772009029345373
A FREE and simple way to write your book	popup_header	3101.0	21.0	0.6772009029345373
"
Looking for a ghostwriter?"	popup_header	6370.0	42.0	0.6593406593406593
Win free books for a whole year	popup_header	8554.0	56.0	0.6546644844517185
"
Where can you find the most exciting and diverse clients?"	popup_header	13587.0	84.0	0.6182380216383307
"
Free Course: Book Design for Beginners"	popup_header	15561.0	91.0	0.5847953216374269
"
Write. Edit. Format. All for free."	popup_header	53025.0	294.0	0.5544554455445544
Free Download: 75 Rhetorical and Literary Devices	popup_header	10549.0	56.0	0.53085600530856
"
Free Course: Character Development"	popup_header	34503.0	182.0	0.527490363156827
Hey! Do you want romance thatâ€™s open to everyone?	popup_header	4529.0	21.0	0.46367851622874806
"
Free Course: Understanding POV"	popup_header	4655.0	21.0	0.4511278195488722
See how many of the greats youâ€™ve read.	popup_header	9569.0	42.0	0.43891733723482074
"
Free course: Traditional vs. Self-Publishing"	popup_header	8932.0	35.0	0.3918495297805642
Don't forget your free book review template! 	popup_header	14364.0	56.0	0.3898635477582846
"
Write, edit, and format your book for FREE"	popup_header	5432.0	21.0	0.3865979381443299
Discover your next YA Romance addiction ğŸ’Œ	popup_header	19593.0	70.0	0.35727045373347627
"
Free course: Self-edit like a pro"	popup_header	33726.0	105.0	0.311332503113325
"
A FREE and simple way to write your book"	popup_header	7259.0	21.0	0.28929604628736744
Download: The Ultimate Reading Log	popup_header	8071.0	21.0	0.26019080659150046
Discover your next big Fantasy read today!	popup_header	10542.0	21.0	0.199203187250996
Free course: Traditional Publishing 101	popup_header	12852.0	21.0	0.16339869281045752
Don't forget your free reading log! 	popup_header	51751.0	84.0	0.1623157040443663
Start reading Isaac Newton's biography today. 	popup_header	16562.0	21.0	0.12679628064243448
Can't get enough YA Fantasy? 	popup_header	29813.0	35.0	0.11739845034045551
Trust real people, not robots, to give you book recommendations	popup_header	54222.0	42.0	0.0774593338497289
Don't forget your free copy of The Adventures of Tom Sawyer!	popup_header	833.0	0.0	0.0
"
Find your next client on bookly!"	popup_header	42.0	0.0	0.0
Don&#39;t wait for inspiration to strike...	popup_header	21.0	0.0	0.0
"
Free Course: Growing your Influence in Non-Fiction"	popup_header	602.0	0.0	0.0
"
Free Course: How To Get Your Books into Libraries"	popup_header	168.0	0.0	0.0
"
Free Course: How to Self-Edit Your Book"	popup_header	777.0	0.0	0.0
Don't forget your free copy of Agatha Christie's THE MURDER ON THE LINKS! 	popup_header	1442.0	0.0	0.0
"
Free Course: How to Self-Publish a Book"	popup_header	2380.0	0.0	0.0
Don't forget your free copy of David Copperfield!	popup_header	1190.0	0.0	0.0
"
Free Course: Pricing Books Internationally"	popup_header	994.0	0.0	0.0
Free Course: Writing a Novel	popup_header	469.0	0.0	0.0
"
Free Course: Start Writing a Book"	popup_header	1729.0	0.0	0.0
Free Course: The 3-Act Narrative	popup_header	161.0	0.0	0.0
"
Free Course: Writing Query Letters"	popup_header	21.0	0.0	0.0
Download our #1 English Resource	popup_header	294.0	0.0	0.0
Free Course: BookBub Ads for Authors	popup_header	1029.0	0.0	0.0
"
Free Course: Writing Unforgettable Characters"	popup_header	182.0	0.0	0.0
Free Course: An Insider's Guide to a Big 5 Publisher	popup_header	3409.0	0.0	0.0
"
Free Download: Standard Word Counts in Publishing"	popup_header	56.0	0.0	0.0
Don't forget your free copy of The Time Machine!	popup_header	2940.0	0.0	0.0
"
Download grÃ¡tis: Modelo de perfil de personagem"	popup_header	21.0	0.0	0.0
"
Free Download: Writing Submissions Checklist"	popup_header	203.0	0.0	0.0
"
Free course: Facebook Ads for Authors"	popup_header	21.0	0.0	0.0
Donâ€™t forget your free copy of The Collapsing Empire!	popup_header	21.0	0.0	0.0
"
Free course: How to write a short story"	popup_header	1750.0	0.0	0.0
"
Download: Worldbuilding-Vorlage"	popup_header	21.0	0.0	0.0
"
Scarica: modello di Worldbuilding"	popup_header	35.0	0.0	0.0
"
Download grÃ¡tis: Lista completa de dispositivos literÃ¡rios"	popup_header	21.0	0.0	0.0
Where can you find editors, designers, and book marketers you can trust?	popup_header	287.0	0.0	0.0
Start reading Solomon Northup's classic memoir today. 	popup_header	15064.0	0.0	0.0
"
Besplatno preuzimanje: Infographic toÄke glediÅ¡ta"	popup_header	21.0	0.0	0.0
"
Because you deserve better than Microsoft Word"	popup_header	938.0	0.0	0.0
Tired of getting recommended the same old adventure books?	popup_header	3696.0	0.0	0.0
Tired of waiting for Winds of Winter?	popup_header	7826.0	0.0	0.0
Want to be a book reviewer?	popup_header	7294.0	0.0	0.0
We'll take to a time when romance was alive	popup_header	2653.0	0.0	0.0
"
Aplikasi Menulis Ultimate GRATIS"	popup_header	21.0	0.0	0.0
"
DescÄƒrcaÈ›i: È˜ablonul Worldbuilding"	popup_header	21.0	0.0	0.0
"
Amazing books deserve amazing covers"	popup_header	707.0	0.0	0.0
Win: Free cozy mystery books for a year	popup_header	70.0	0.0	0.0
Î”Ï‰ÏÎµÎ¬Î½ Î¼Î¬Î¸Î·Î¼Î±: Î§ÏÎ®ÏƒÎ· Ï„Î·Ï‚ Î´Î¿Î¼Î®Ï‚ 3 Ï€ÏÎ¬Î¾ÎµÏ‰Î½	popup_header	21.0	0.0	0.0
Ø¨Ø§Ø±Ú¯ÛŒØ±ÛŒ Ø±Ø§ÛŒÚ¯Ø§Ù†: 75 Ø¯Ø³ØªÚ¯Ø§Ù‡ Ø§Ø¯Ø¨ÛŒ Ùˆ Ø¨Ù„Ø§ØºÛŒ	popup_header	21.0	0.0	0.0
ØªÙ†Ø²ÙŠÙ„ Ù…Ø¬Ø§Ù†ÙŠ: 75 Ø¬Ù‡Ø§Ø²Ù‹Ø§ Ø£Ø¯Ø¨ÙŠÙ‹Ø§ ÙˆØ¨Ù„Ø§ØºÙŠÙ‹Ø§	popup_header	42.0	0.0	0.0
à¦«à§à¦°à¦¿ à¦¡à¦¾à¦‰à¦¨à¦²à§‹à¦¡: 75 à¦…à¦²à¦™à§à¦•à§ƒà¦¤ à¦“ à¦¸à¦¾à¦¹à¦¿à¦¤à§à¦¯à§‡à¦° à¦¡à¦¿à¦­à¦¾à¦‡à¦¸	popup_header	21.0	0.0	0.0
à´¸ Download à´œà´¨àµà´¯ à´¡àµ—àµºà´²àµ‹à´¡àµ: 75 à´¸à´¾à´¹à´¿à´¤àµà´¯, à´µà´¾à´šà´¾à´Ÿàµ‹à´ª à´‰à´ªà´•à´°à´£à´™àµà´™àµ¾	popup_header	21.0	0.0	0.0
Set a course for your next favorite Sci-Fi book	popup_header	4081.0	0.0	0.0
"
BezpÅ‚atne pobieranie: szablon profilu postaci"	popup_header	21.0	0.0	0.0
"
Connect with the best cookbook editors"	popup_header	21.0	0.0	0.0
New books... as if by magic ğŸ§™â€â™‚ï¸	popup_header	161.0	0.0	0.0
"
Descarga gratuita: plantilla de perfil de personaje"	popup_header	84.0	0.0	0.0
Discover your next big romance read today!	popup_header	287.0	0.0	0.0
"
Curso gratuito: edite-se como um profissional"	popup_header	21.0	0.0	0.0
Get adventure book recommendations from people you trust.	popup_header	4046.0	0.0	0.0
Get an AMAZING cover for your book	popup_header	196.0	0.0	0.0
Get your Romance fix each and every week â¤ï¸	popup_header	1568.0	0.0	0.0
Get your book edited by an editor from a Big 5 Publisher	popup_header	35.0	0.0	0.0
"
Curso Livre: Desenvolvimento de Personagem"	popup_header	21.0	0.0	0.0
"
Corso gratuito: come pubblicare automaticamente un libro"	popup_header	21.0	0.0	0.0
Join the (book) club ğŸ“š	popup_header	3136.0	0.0	0.0
Kickstart your career as a critic	popup_header	7490.0	0.0	0.0
Kursus Gratis: Menggunakan Struktur 3-Undang	popup_header	21.0	0.0	0.0
Looking for more authors like Ernest Hemingway?	popup_header	4697.0	0.0	0.0
Meet fellow Harry Potter enthusiasts ğŸ¤“	popup_header	2975.0	0.0	0.0
Meet your fellow book enthusiasts ğŸ¤“	popup_header	2457.0	0.0	0.0
Discover your next big science fiction read today!	popup_header	4669.0	0.0	0.0
Discover your next big fantasy read today!	popup_header	4207.0	0.0	0.0
Discover your next big mystery and thriller reads today!	popup_header	2268.0	0.0	0.0
"
ĞĞµ Ğ¶Ğ´Ğ¸Ñ‚Ğµ Ğ²Ğ´Ğ¾Ñ…Ğ½Ğ¾Ğ²ĞµĞ½Ğ¸Ñ, Ñ‡Ñ‚Ğ¾Ğ±Ñ‹ ÑƒĞ´Ğ°Ñ€Ğ¸Ñ‚ÑŒ"	popup_header	21.0	0.0	0.0
"
Get a professional to edit your query letter."	popup_header	252.0	0.0	0.0
"
Zdarma ke staÅ¾enÃ­: Å ablona profilu charakteru"	popup_header	21.0	0.0	0.0
"
Ãœcretsiz kurs: Bir profesyonel gibi kendini dÃ¼zenleme"	popup_header	21.0	0.0	0.0
"
Ãœcretsiz kurs: Roman nasÄ±l yazÄ±lÄ±r"	popup_header	21.0	0.0	0.0
"
Ãœcretsiz Ä°ndir: Kitap Teklif Åablonu"	popup_header	42.0	0.0	0.0
"
Ä°ndir: Worldbuilding Template"	popup_header	21.0	0.0	0.0
"
Get a PROFESSIONAL to run your online ads"	popup_header	196.0	0.0	0.0
"
Ğ¡ĞºĞ°Ñ‡Ğ°Ñ‚ÑŒ: Ğ¨Ğ°Ğ±Ğ»Ğ¾Ğ½ Worldbuilding"	popup_header	21.0	0.0	0.0
Discover your next big horror read today!	popup_header	2653.0	0.0	0.0
"
Ø£Ø¯Ø®Ù„ Ù…Ø³Ø§Ø¨Ù‚Ø© Ø§Ù„Ù‚ØµØ© Ø§Ù„Ù‚ØµÙŠØ±Ø© Ù„Ø¯ÙŠÙ†Ø§"	popup_header	21.0	0.0	0.0
"
Ø£ÙØ¶Ù„ ØªØ·Ø¨ÙŠÙ‚ Ù…Ø¬Ø§Ù†ÙŠ Ù„Ù„ÙƒØªØ§Ø¨Ø©"	popup_header	21.0	0.0	0.0
"
Ø§Ø¬Ø¹Ù„ Ø£Ø­Ù„Ø§Ù… Ø§Ù„Ù†Ø´Ø± ØªÙ†Ø¨Ø¶ Ø¨Ø§Ù„Ø­ÙŠØ§Ø©"	popup_header	21.0	0.0	0.0
"
Ø§Ø¬Ø¹Ù„ Ù‚ØµØµ Ø£Ø·ÙØ§Ù„Ùƒ ØªÙ†Ø¨Ø¶ Ø¨Ø§Ù„Ø­ÙŠØ§Ø©"	popup_header	21.0	0.0	0.0
"
ØªØ­Ù…ÙŠÙ„ Ù…Ø¬Ø§Ù†ÙŠ: Ù‚Ø§Ù„Ø¨ Ù…Ù„Ù ØªØ¹Ø±ÙŠÙ Ø§Ù„Ø´Ø®ØµÙŠØ©"	popup_header	21.0	0.0	0.0
"
ØªÙ†Ø²ÙŠÙ„ Ù…Ø¬Ø§Ù†ÙŠ: Ù‚Ø§Ø¦Ù…Ø© ÙƒØ§Ù…Ù„Ø© Ø¨Ø§Ù„Ø£Ø¬Ù‡Ø²Ø© Ø§Ù„Ø£Ø¯Ø¨ÙŠØ©"	popup_header	21.0	0.0	0.0
"
ØªÙ†Ø²ÙŠÙ„ Ù…Ø¬Ø§Ù†ÙŠ: ÙˆØ¬Ù‡Ø© Ù†Ø¸Ø±"	popup_header	21.0	0.0	0.0
"
Work with professional marketers"	popup_header	35.0	0.0	0.0
"
Get your book edited by world-class editors you can trust"	popup_header	238.0	0.0	0.0
"
Give your book an AMAZING cover"	popup_header	672.0	0.0	0.0
"
Gratis cursus: karakterontwikkeling"	popup_header	21.0	0.0	0.0
"
Meet the best freelance book marketers"	popup_header	595.0	0.0	0.0
"
Looking for a professional editor?"	popup_header	35.0	0.0	0.0
"
Looking for a professional author website design?"	popup_header	56.0	0.0	0.0
"
Kursus gratis: Cara menulis novel"	popup_header	21.0	0.0	0.0
"
Turn your stories into a professional book for FREE"	popup_header	1302.0	0.0	0.0
"
TÃ©lÃ©charger la liste de contrÃ´le de lancement du livre"	popup_header	21.0	0.0	0.0
"
Táº£i xuá»‘ng miá»…n phÃ­: Máº«u Ä‘á» xuáº¥t sÃ¡ch"	popup_header	21.0	0.0	0.0
"
Táº£i xuá»‘ng: Danh sÃ¡ch kiá»ƒm tra thiáº¿t káº¿ bÃ¬a"	popup_header	21.0	0.0	0.0
"
Kursus Gratis: Pengembangan Karakter"	popup_header	21.0	0.0	0.0
"
Unduh Gratis: Templat Format Naskah"	popup_header	21.0	0.0	0.0
"
Unduh Gratis: Template Profil Karakter"	popup_header	77.0	0.0	0.0
"
Unduh: Templat Worldbuilding"	popup_header	35.0	0.0	0.0
"
Kostenlos: Plot Twist Creation Template"	popup_header	35.0	0.0	0.0
"
Want to earn more?"	popup_header	56.0	0.0	0.0
"
What do Neil Gaiman and Isabel Allende have in common?"	popup_header	399.0	0.0	0.0
"
ØªÙ†Ø²ÙŠÙ„ Ù…Ø¬Ø§Ù†ÙŠ: ÙˆØ¬Ù‡Ø© Ù†Ø¸Ø± Infographic"	popup_header	35.0	0.0	0.0
"
ØªÙ†Ø²ÙŠÙ„: Ù‚Ø§Ø¦Ù…Ø© ØªØ¯Ù‚ÙŠÙ‚ Ø¥Ø·Ù„Ø§Ù‚ Ø§Ù„ÙƒØªØ§Ø¨"	popup_header	21.0	0.0	0.0
"
ØªÙ†Ø²ÙŠÙ„: Ù‚Ø§Ù„Ø¨ Worldbuilding"	popup_header	42.0	0.0	0.0
"
á€¡á€á€™á€²á€·á€á€„á€ºá€á€”á€ºá€¸: á€”á€­á€¯á€„á€ºá€„á€¶á€á€€á€¬á€…á€»á€±á€¸á€”á€¾á€¯á€”á€ºá€¸á€…á€¬á€¡á€¯á€•á€ºá€™á€»á€¬á€¸"	popup_header	21.0	0.0	0.0
"
å…è²»ä¸‹è¼‰ï¼šè§’è‰²é…ç½®æ–‡ä»¶æ¨¡æ¿"	popup_header	21.0	0.0	0.0
"
å…è²»èª²ç¨‹ï¼šåƒå°ˆæ¥­äººå£«ä¸€æ¨£é€²è¡Œè‡ªæˆ‘ç·¨è¼¯"	popup_header	21.0	0.0	0.0
"
å…è´¹ä¸‹è½½ï¼šè§’è‰²é…ç½®æ–‡ä»¶æ¨¡æ¿"	popup_header	21.0	0.0	0.0
"
å†™ã€‚ç¼–è¾‘ã€‚æ ¼å¼ã€‚å…¨éƒ¨å…è´¹ã€‚"	popup_header	21.0	0.0	0.0
"
ç„¡æ–™ãƒ€ã‚¦ãƒ³ãƒ­ãƒ¼ãƒ‰ï¼šã‚­ãƒ£ãƒ©ã‚¯ã‚¿ãƒ¼ãƒ—ãƒ­ãƒ•ã‚£ãƒ¼ãƒ«ãƒ†ãƒ³ãƒ—ãƒ¬ãƒ¼ãƒˆ"	popup_header	21.0	0.0	0.0
"
Freier Kurs: Romanze schreiben"	popup_header	21.0	0.0	0.0
Because you deserve better than Microsoft Word	popup_header	42.0	0.0	0.0
Curso gratuito: AutoediciÃ³n 101	popup_header	21.0	0.0	0.0
Darmowy kurs: Book Design 101	popup_header	21.0	0.0	0.0
Discover MORE authors like Tessa Dare	popup_header	4039.0	0.0	0.0
Discover MORE books like The Road	popup_header	2758.0	0.0	0.0
Discover a roadmap of non-stop horror	popup_header	3108.0	0.0	0.0
Discover books that go bump in the night ğŸ˜±	popup_header	3318.0	0.0	0.0
Discover the best new titles â€” before anyone else	popup_header	3969.0	0.0	0.0
"
Plantilla gratuita: Estructura de la historia de tres actos"	popup_header	21.0	0.0	0.0
"
á€¡á€á€™á€²á€·á€á€„á€ºá€á€”á€ºá€¸: á€¡á€á€»á€…á€ºá€‡á€¬á€á€ºá€œá€™á€ºá€¸á€›á€±á€¸á€á€¬á€¸á€á€¼á€„á€ºá€¸"	popup_header	21.0	0.0	0.0
"
Get a PROFESSIONAL to run your Amazon Ads"	popup_header	126.0	0.0	0.0
"
Ø¯ÙˆØ±Ø© Ù…Ø¬Ø§Ù†ÙŠØ©: ÙÙ‡Ù… POV"	popup_header	21.0	0.0	0.0
"
à´¸ Download à´œà´¨àµà´¯ à´¡àµ—àµºà´²àµ‹à´¡àµ: à´ªàµà´°à´¤àµ€à´• à´ªàµà´°àµŠà´«àµˆàµ½ à´Ÿàµ†à´‚à´ªàµà´²àµ‡à´±àµà´±àµ"	popup_header	21.0	0.0	0.0
"
Ø¯ÙˆØ±Ø© Ù…Ø¬Ø§Ù†ÙŠØ©: ÙƒØªØ§Ø¨Ø© Ø§Ù„Ø±ÙˆÙ…Ø§Ù†Ø³ÙŠØ©"	popup_header	21.0	0.0	0.0
"
Ø¯ÙˆØ±Ø© Ù…Ø¬Ø§Ù†ÙŠØ©: ÙƒØªØ§Ø¨Ø© Ø§Ù„Ù‚ØµØµ Ø§Ù„Ù‚ØµÙŠØ±Ø©"	popup_header	21.0	0.0	0.0
"
Ù‚Ø§Ù„Ø¨ Ù…Ø¬Ø§Ù†ÙŠ: Ù‡ÙŠÙƒÙ„ Ù‚ØµØ© Ø«Ù„Ø§Ø«ÙŠ Ø§Ù„ÙØ¹Ù„"	popup_header	21.0	0.0	0.0
"
à¤…à¤ªà¤¨à¥€ à¤ªà¥à¤¸à¥à¤¤à¤• à¤•à¥‹ à¤®à¥à¤«à¤¼à¥à¤¤ à¤®à¥‡à¤‚ à¤²à¤¿à¤–à¥‡à¤‚, à¤¸à¤‚à¤ªà¤¾à¤¦à¤¿à¤¤ à¤•à¤°à¥‡à¤‚ à¤”à¤° à¤ªà¥à¤°à¤¾à¤°à¥‚à¤ªà¤¿à¤¤ à¤•à¤°à¥‡à¤‚"	popup_header	21.0	0.0	0.0
"
à¤…à¤ªà¤¨à¥‡ à¤›à¤‚à¤¦à¥‹à¤‚ à¤•à¥‹ à¤šà¤®à¤•à¤¾à¤¨à¥‡ à¤•à¥‡ à¤²à¤¿à¤ à¤•à¤µà¤¿à¤¤à¤¾ à¤µà¤¿à¤¶à¥‡à¤·à¤œà¥à¤ à¤šà¤¾à¤¹à¤¿à¤?"	popup_header	21.0	0.0	0.0
"
à¤†à¤ª à¤¸à¤‚à¤ªà¤¾à¤¦à¤•à¥‹à¤‚, à¤¡à¤¿à¤œà¤¾à¤‡à¤¨à¤°à¥‹à¤‚, à¤”à¤° à¤ªà¥à¤¸à¥à¤¤à¤• à¤µà¤¿à¤ªà¤£à¤• à¤ªà¤° à¤•à¤¹à¤¾à¤‚ à¤­à¤°à¥‹à¤¸à¤¾ à¤•à¤° à¤¸à¤•à¤¤à¥‡ à¤¹à¥ˆà¤‚?"	popup_header	21.0	0.0	0.0
"
à¤¡à¤¾à¤‰à¤¨à¤²à¥‹à¤¡: à¤•à¤µà¤° à¤¡à¤¿à¤œà¤¾à¤‡à¤¨ à¤šà¥‡à¤•à¤²à¤¿à¤¸à¥à¤Ÿ"	popup_header	21.0	0.0	0.0
"
à¤¨à¤¿: à¤¶à¥à¤²à¥à¤• à¤¡à¤¾à¤‰à¤¨à¤²à¥‹à¤¡: à¤šà¤°à¤¿à¤¤à¥à¤° à¤ªà¥à¤°à¥‹à¤«à¤¼à¤¾à¤‡à¤² à¤Ÿà¥‡à¤®à¥à¤ªà¤²à¥‡à¤Ÿ"	popup_header	98.0	0.0	0.0
"
à¤¨à¤¿: à¤¶à¥à¤²à¥à¤• à¤ªà¤¾à¤ à¥à¤¯à¤•à¥à¤°à¤®: à¤šà¤°à¤¿à¤¤à¥à¤° à¤µà¤¿à¤•à¤¾à¤¸"	popup_header	21.0	0.0	0.0
"
à¤®à¥à¤«à¥à¤¤ à¤¡à¤¾à¤‰à¤¨à¤²à¥‹à¤¡: à¤ªà¥à¤¸à¥à¤¤à¤• à¤ªà¥à¤°à¤¸à¥à¤¤à¤¾à¤µ à¤Ÿà¥‡à¤®à¥à¤ªà¤²à¥‡à¤Ÿ"	popup_header	42.0	0.0	0.0
"
à¤µà¤¿à¤¨à¤¾à¤®à¥‚à¤²à¥à¤¯ à¤¡à¤¾à¤‰à¤¨à¤²à¥‹à¤¡à¤ƒ à¤•à¥…à¤°à¥‡à¤•à¥à¤Ÿà¤° à¤ªà¥à¤°à¥‹à¤«à¤¾à¤‡à¤² à¤Ÿà¥‡à¤®à¥à¤ªà¤²à¥‡à¤Ÿ"	popup_header	21.0	0.0	0.0
"
à¦«à§à¦°à¦¿ à¦¡à¦¾à¦‰à¦¨à¦²à§‹à¦¡: à¦ªà¦¾à¦¨à§à¦¡à§à¦²à¦¿à¦ªà¦¿ à¦¬à¦¿à¦¨à§à¦¯à¦¾à¦¸ à¦Ÿà§‡à¦®à§à¦ªà¦²à§‡à¦Ÿ"	popup_header	21.0	0.0	0.0
"
à¦«à§à¦°à¦¿ à¦¡à¦¾à¦‰à¦¨à¦²à§‹à¦¡: à¦¬à¦‡à¦¯à¦¼à§‡à¦° à¦ªà§à¦°à¦¸à§à¦¤à¦¾à¦¬ à¦Ÿà§‡à¦®à§à¦ªà¦²à§‡à¦Ÿ"	popup_header	21.0	0.0	0.0
"
àª®àª«àª¤ àª…àª­à«àª¯àª¾àª¸àª•à«àª°àª®: àª¨àªµàª²àª•àª¥àª¾ àª•à«‡àªµà«€ àª°à«€àª¤à«‡ àª²àª–àªµà«€"	popup_header	21.0	0.0	0.0
"
à´¨à´¿à´™àµà´™à´³àµà´Ÿàµ† à´šàµ‹à´¦àµà´¯ à´•à´¤àµà´¤àµ à´®à´¿à´¨àµà´¸à´ªàµà´ªàµ†à´Ÿàµà´¤àµà´¤à´¾àµ» à´’à´°àµ à´à´¡à´¿à´±àµà´±à´±àµ† à´¨à´¿à´¯à´®à´¿à´•àµà´•àµà´•"	popup_header	21.0	0.0	0.0
å…è´¹ä¸‹è½½ï¼š75ç§æ–‡å­¦å’Œä¿®è¾æ‰‹æ®µ	popup_header	21.0	0.0	0.0
