popup_image_url	source	views	registration	conversion
https://d2ybmm5cpznb3i.cloudfront.net/wp-content/uploads/2016/10/Getting-your-cookbook-off-the-ground-300x157.jpg	popup_image_url	56.0	21.0	37.5
https://d2ybmm5cpznb3i.cloudfront.net/wp-content/uploads/2019/01/Artboard-Copy-1-300x150.jpg	popup_image_url	245.0	56.0	22.857142857142858
https://d2ybmm5cpznb3i.cloudfront.net/wp-content/uploads/2019/04/YA-COurse-300x157.jpg	popup_image_url	525.0	91.0	17.333333333333336
https://d2ybmm5cpznb3i.cloudfront.net/wp-content/uploads/2019/07/BookBub-Calendar-Modal-300x157.jpg	popup_image_url	126.0	21.0	16.666666666666664
https://d2ybmm5cpznb3i.cloudfront.net/wp-content/uploads/2018/11/book-proposal-header-1-540x300-300x167.jpg	popup_image_url	8428.0	1232.0	14.61794019933555
https://d2ybmm5cpznb3i.cloudfront.net/wp-content/uploads/2017/04/amazon-ads-300x157.jpg	popup_image_url	434.0	56.0	12.903225806451612
https://d2ybmm5cpznb3i.cloudfront.net/wp-content/uploads/2020/06/Short-Story-Format-Template-300x157.jpg	popup_image_url	231.0	21.0	9.090909090909092
https://d2ybmm5cpznb3i.cloudfront.net/wp-content/uploads/2016/11/How-to-write-a-non-fiction-book-300x157.jpg	popup_image_url	959.0	84.0	8.75912408759124
https://d2ybmm5cpznb3i.cloudfront.net/wp-content/uploads/2018/12/Character-dev-template-1-768x384-600x300-2-1-300x150.jpg	popup_image_url	90895.0	7007.0	7.708894878706199
https://d2ybmm5cpznb3i.cloudfront.net/wp-content/uploads/2018/10/Worldbuilding-300x150.jpg	popup_image_url	26901.0	2058.0	7.650273224043716
https://d2ybmm5cpznb3i.cloudfront.net/wp-content/uploads/2020/02/Checklists-7-300x157.jpg	popup_image_url	21476.0	1575.0	7.333767926988266
https://d2ybmm5cpznb3i.cloudfront.net/wp-content/uploads/2019/10/book-title-checklist-2-300x142.jpg	popup_image_url	826.0	56.0	6.779661016949152
https://blog-cdn.bookly.com/directories/admin/modal/48/medium_3fd0dd4ec03c6e5ee401e2fb34460bff.jpg	popup_image_url	2093.0	133.0	6.354515050167224
https://d2ybmm5cpznb3i.cloudfront.net/wp-content/uploads/2018/08/Getting-your-cookbook-off-the-ground-2-573x300-300x157.jpg	popup_image_url	3794.0	238.0	6.273062730627306
https://d2ybmm5cpznb3i.cloudfront.net/wp-content/uploads/2018/05/Facebook-ads-for-authors-5-300x157.jpg	popup_image_url	364.0	21.0	5.769230769230769
https://blog-cdn.bookly.com/directories/admin/modal/65/medium_b04dd25b7ed163101580d72058b1d215.jpg	popup_image_url	17339.0	994.0	5.732741219216794
https://d2ybmm5cpznb3i.cloudfront.net/wp-content/uploads/2020/03/Checklists-11-300x157.jpg	popup_image_url	19488.0	1113.0	5.711206896551724
https://blog-cdn.bookly.com/directories/admin/modal/14/medium_5ff3c7a5fd56013eb99ed9de264e02a0.jpg	popup_image_url	406.0	21.0	5.172413793103448
https://blog-cdn.bookly.com/directories/admin/modal/69/medium_86caf535ba2d0ad1603e1041b44a477a.jpg	popup_image_url	24332.0	1162.0	4.7756041426927505
https://d2ybmm5cpznb3i.cloudfront.net/wp-content/uploads/2020/05/Copyright-Protection-Sheet-300x157.jpg	popup_image_url	3374.0	161.0	4.771784232365145
https://d2ybmm5cpznb3i.cloudfront.net/wp-content/uploads/2019/01/worldbuilding-copy-300x152.jpg	popup_image_url	11480.0	546.0	4.7560975609756095
https://d2ybmm5cpznb3i.cloudfront.net/wp-content/uploads/2019/03/Agents-Course-Header-300x167.jpg	popup_image_url	3598.0	161.0	4.474708171206226
https://d2ybmm5cpznb3i.cloudfront.net/wp-content/uploads/2019/05/Novel-Checklist-2-300x165.jpg	popup_image_url	1302.0	56.0	4.301075268817205
https://d2ybmm5cpznb3i.cloudfront.net/wp-content/uploads/2018/12/MG-300x163.jpg	popup_image_url	504.0	21.0	4.166666666666666
https://d2ybmm5cpznb3i.cloudfront.net/wp-content/uploads/2018/05/Writing-prompt-3-300x157.jpg	popup_image_url	7693.0	315.0	4.094631483166515
https://d2ybmm5cpznb3i.cloudfront.net/wp-content/uploads/2020/03/How-to-write-a-novel-300x150.jpg	popup_image_url	44254.0	1764.0	3.9860803543182532
https://d2ybmm5cpznb3i.cloudfront.net/wp-content/uploads/2018/12/RBE-Modal-300x151.jpg	popup_image_url	2317.0	91.0	3.927492447129909
https://d2ybmm5cpznb3i.cloudfront.net/wp-content/uploads/2018/10/Query-letter-course-Copy-300x167.jpg	popup_image_url	11746.0	455.0	3.873659117997616
https://d2ybmm5cpznb3i.cloudfront.net/wp-content/uploads/2018/12/Childrens-books-101-300x157.jpg	popup_image_url	2436.0	91.0	3.7356321839080464
https://d2ybmm5cpznb3i.cloudfront.net/wp-content/uploads/2020/03/Self-Pub1010-300x157.jpg	popup_image_url	15050.0	546.0	3.627906976744186
https://d2ybmm5cpznb3i.cloudfront.net/wp-content/uploads/2020/02/book_warbird-300x200.jpg	popup_image_url	4151.0	147.0	3.541315345699832
https://blog.bookly.com/wp-content/uploads/2019/11/Team-Modal-300x200.jpg	popup_image_url	595.0	21.0	3.5294117647058822
https://d2ybmm5cpznb3i.cloudfront.net/wp-content/uploads/2020/03/Childrens-books-101-2-300x157.jpg	popup_image_url	4809.0	161.0	3.3478893740902476
https://d2ybmm5cpznb3i.cloudfront.net/wp-content/uploads/2018/05/amazon-ads-blog-1-300x157.jpg	popup_image_url	1680.0	56.0	3.3333333333333335
https://d2ybmm5cpznb3i.cloudfront.net/wp-content/uploads/2020/02/Checklists-300x157.jpg	popup_image_url	4438.0	147.0	3.3123028391167195
https://blog-cdn.bookly.com/directories/admin/modal/56/medium_dae3a76146ea8d7f0b1002b69c225b41.jpg	popup_image_url	2989.0	98.0	3.278688524590164
https://d2ybmm5cpznb3i.cloudfront.net/wp-content/uploads/2018/05/Book-reviews-300x157.jpg	popup_image_url	672.0	21.0	3.125
https://d2ybmm5cpznb3i.cloudfront.net/wp-content/uploads/2019/03/Start-writing-your-book-1-300x157.jpg	popup_image_url	9541.0	294.0	3.081438004402054
https://d2ybmm5cpznb3i.cloudfront.net/wp-content/uploads/2017/05/copyright-header-300x175.jpg	popup_image_url	3444.0	105.0	3.048780487804878
https://d2ybmm5cpznb3i.cloudfront.net/wp-content/uploads/2019/03/Book-Marketing-Checklist-comp-300x165.jpg	popup_image_url	10003.0	301.0	3.009097270818754
https://d2ybmm5cpznb3i.cloudfront.net/wp-content/uploads/2020/03/Checklists-12-300x157.jpg	popup_image_url	23730.0	714.0	3.0088495575221237
https://d2ybmm5cpznb3i.cloudfront.net/wp-content/uploads/2019/03/Modal-sma-300x157.jpg	popup_image_url	50582.0	1519.0	3.0030445613063934
https://d2ybmm5cpznb3i.cloudfront.net/wp-content/uploads/2018/05/Trad-pub-101-1-300x157.jpg	popup_image_url	1400.0	42.0	3.0
https://d2ybmm5cpznb3i.cloudfront.net/wp-content/uploads/2018/09/Character-dev-template-1-768x384-300x150.jpg	popup_image_url	46228.0	1351.0	2.9224712295578437
https://d2ybmm5cpznb3i.cloudfront.net/wp-content/uploads/2018/05/How-to-write-a-novel-1-300x157.jpg	popup_image_url	18774.0	546.0	2.9082774049217
https://d2ybmm5cpznb3i.cloudfront.net/wp-content/uploads/2019/04/Artboard-Copy-3-300x150.jpg	popup_image_url	17871.0	518.0	2.898550724637681
https://d2ybmm5cpznb3i.cloudfront.net/wp-content/uploads/2019/05/Novel-Checklist-1-300x157.jpg	popup_image_url	1246.0	35.0	2.8089887640449436
https://images-cdn.bookly.com/discovery/modal/31/modal_image/85bd806e8c318fa195f41d929f38bdf4f04f0474.jpg	popup_image_url	756.0	21.0	2.7777777777777777
https://d2ybmm5cpznb3i.cloudfront.net/wp-content/uploads/2018/12/Romance-Header-300x157.jpg	popup_image_url	2058.0	56.0	2.7210884353741496
https://d2ybmm5cpznb3i.cloudfront.net/wp-content/uploads/2017/08/Childrens-books-101-300x157.jpg	popup_image_url	2583.0	70.0	2.710027100271003
https://d2ybmm5cpznb3i.cloudfront.net/wp-content/uploads/2020/02/Checklists-5-300x157.jpg	popup_image_url	6209.0	168.0	2.705749718151071
https://d2ybmm5cpznb3i.cloudfront.net/wp-content/uploads/2020/02/Checklists-2-300x157.jpg	popup_image_url	10003.0	266.0	2.6592022393282013
https://d2ybmm5cpznb3i.cloudfront.net/wp-content/uploads/2018/05/Query-letter-course-Copy-300x167.jpg	popup_image_url	1323.0	35.0	2.6455026455026456
https://blog-cdn.bookly.com/directories/admin/modal/4/medium_545c923adeecc6008f2f04a32290d38a.jpg	popup_image_url	4025.0	105.0	2.608695652173913
https://d2ybmm5cpznb3i.cloudfront.net/wp-content/uploads/2020/03/Checklists-10-300x157.jpg	popup_image_url	39557.0	994.0	2.512829587683596
https://blog-cdn.bookly.com/directories/admin/modal/59/medium_9db07afdbb8e3b77f7561748a260b50d.jpg	popup_image_url	6146.0	154.0	2.5056947608200453
https://d2ybmm5cpznb3i.cloudfront.net/wp-content/uploads/2017/08/What-do-freelance-editors-and-designers-make-300x150.jpg	popup_image_url	2534.0	63.0	2.4861878453038675
https://d2ybmm5cpznb3i.cloudfront.net/wp-content/uploads/2019/11/Writing-Prompts-Alpha-300x200.jpg	popup_image_url	10626.0	252.0	2.371541501976284
https://d2ybmm5cpznb3i.cloudfront.net/wp-content/uploads/2019/02/Romance-Header-574x300-300x157.jpg	popup_image_url	12460.0	294.0	2.359550561797753
https://blog-cdn.bookly.com/directories/admin/modal/66/medium_ff0aaeff19514b85456b647a1d686cbe.jpg	popup_image_url	2982.0	70.0	2.3474178403755865
https://d2ybmm5cpznb3i.cloudfront.net/wp-content/uploads/2018/11/modal-book-launch-552x300-300x163.jpg	popup_image_url	12383.0	287.0	2.317693612210288
https://d2ybmm5cpznb3i.cloudfront.net/wp-content/uploads/2019/01/Short-story-Copy-2-1-300x150.jpg	popup_image_url	924.0	21.0	2.272727272727273
https://d2ybmm5cpznb3i.cloudfront.net/wp-content/uploads/2020/02/Checklists-1-300x157.jpg	popup_image_url	20601.0	462.0	2.2426095820591234
https://blog-cdn.bookly.com/directories/admin/modal/61/medium_f384c21162140fd3466cb79c68599d52.jpg	popup_image_url	11025.0	245.0	2.2222222222222223
https://d2ybmm5cpznb3i.cloudfront.net/wp-content/uploads/2019/11/prompts_contest-300x158.jpg	popup_image_url	31409.0	616.0	1.9612213059950971
https://d2ybmm5cpznb3i.cloudfront.net/wp-content/uploads/2019/10/Cover-Design-Marketplace-Young-300x200.jpg	popup_image_url	1099.0	21.0	1.910828025477707
https://d2ybmm5cpznb3i.cloudfront.net/wp-content/uploads/2018/02/the-book-launch-300x175.jpg	popup_image_url	4795.0	91.0	1.897810218978102
https://d2ybmm5cpznb3i.cloudfront.net/wp-content/uploads/2020/02/RBE_laptop1-300x200.jpg	popup_image_url	59556.0	1127.0	1.8923366243535495
https://d2ybmm5cpznb3i.cloudfront.net/wp-content/uploads/2018/05/Narative-ARc-300x157.jpg	popup_image_url	9793.0	182.0	1.858470335954253
https://d2ybmm5cpznb3i.cloudfront.net/wp-content/uploads/2020/04/writing-contest-300x158.jpg	popup_image_url	5789.0	105.0	1.8137847642079807
https://blog-cdn.bookly.com/directories/admin/modal/19/medium_9733164def96136aebd4f53a27a6fcf9.jpg	popup_image_url	1197.0	21.0	1.7543859649122806
https://d2ybmm5cpznb3i.cloudfront.net/wp-content/uploads/2020/02/Checklists-4-300x157.jpg	popup_image_url	11424.0	196.0	1.715686274509804
https://d2ybmm5cpznb3i.cloudfront.net/wp-content/uploads/2019/05/Start-writing-your-book-300x157.jpg	popup_image_url	1225.0	21.0	1.7142857142857144
https://d2ybmm5cpznb3i.cloudfront.net/wp-content/uploads/2018/05/modal-book-launch-300x163.jpg	popup_image_url	7819.0	133.0	1.7009847806624887
https://images-cdn.bookly.com/discovery/modal/13/modal_image/d69741b4b34bda6e85907412ba97a2f0f94a3aee.jpg	popup_image_url	4627.0	77.0	1.6641452344931922
https://images-cdn.bookly.com/discovery/modal/85/modal_image/8a608cb76d7427c6deca2f1b77a691d34527f0b6.jpg	popup_image_url	9254.0	147.0	1.588502269288956
https://d2ybmm5cpznb3i.cloudfront.net/wp-content/uploads/2020/04/Illustrator-1-300x169.jpg	popup_image_url	15022.0	238.0	1.5843429636533086
https://blog-cdn.bookly.com/directories/admin/modal/3/medium_8f924f0c9cc8c4d07e22b1aa07cec20f.jpg	popup_image_url	14021.0	217.0	1.547678482276585
https://d2ybmm5cpznb3i.cloudfront.net/wp-content/uploads/2018/05/Short-story-300x157.jpg	popup_image_url	5908.0	91.0	1.5402843601895735
https://d2ybmm5cpznb3i.cloudfront.net/wp-content/uploads/2018/05/Book-design-101-1-300x157.jpg	popup_image_url	49084.0	756.0	1.540216771249287
https://d2ybmm5cpznb3i.cloudfront.net/wp-content/uploads/2019/11/prompts_cure-300x158.jpg	popup_image_url	8722.0	126.0	1.4446227929373996
https://d2ybmm5cpznb3i.cloudfront.net/wp-content/uploads/2019/09/Manuscript-template-header-300x157.jpg	popup_image_url	18487.0	259.0	1.4009844755774328
https://d2ybmm5cpznb3i.cloudfront.net/wp-content/uploads/2020/02/Checklists-6-300x157.jpg	popup_image_url	37996.0	455.0	1.197494473102432
https://blog.bookly.com/wp-content/uploads/2018/05/Dialog-300x157.jpg	popup_image_url	2996.0	35.0	1.1682242990654206
https://d2ybmm5cpznb3i.cloudfront.net/wp-content/uploads/2018/06/Artboard-Copy-1-300x188.jpg	popup_image_url	15652.0	182.0	1.1627906976744187
https://d2ybmm5cpznb3i.cloudfront.net/wp-content/uploads/2018/05/modal-signup-image-300x168.jpg	popup_image_url	1883.0	21.0	1.1152416356877324
https://d2ybmm5cpznb3i.cloudfront.net/wp-content/uploads/2020/04/Illustrator-5-300x169.jpg	popup_image_url	18340.0	203.0	1.1068702290076335
https://d2ybmm5cpznb3i.cloudfront.net/wp-content/uploads/2019/11/Team-Modal-300x200.jpg	popup_image_url	41034.0	448.0	1.0917775503241216
https://d2ybmm5cpznb3i.cloudfront.net/wp-content/uploads/2018/02/preview-full-Publishing-a-picture-book-300x157.jpg	popup_image_url	1946.0	21.0	1.079136690647482
https://blog-cdn.bookly.com/directories/admin/modal/68/medium_4540417c6dce90cd3db51447ff901673.jpg	popup_image_url	362103.0	3892.0	1.0748322990972181
https://d2ybmm5cpznb3i.cloudfront.net/wp-content/uploads/2019/04/RBE-Modal-300x200.jpg	popup_image_url	87353.0	938.0	1.0738039907043833
https://d2ybmm5cpznb3i.cloudfront.net/wp-content/uploads/2019/07/Freelancer-Report-300x151.jpg	popup_image_url	7483.0	77.0	1.028999064546305
https://d2ybmm5cpznb3i.cloudfront.net/wp-content/uploads/2016/09/Book-marketing-101-300x157.jpg	popup_image_url	6958.0	70.0	1.0060362173038229
https://d2ybmm5cpznb3i.cloudfront.net/wp-content/uploads/2019/05/Literary-and-Rhetorical-Devices-Lists-300x165.jpg	popup_image_url	113666.0	1127.0	0.9915014164305949
https://images-cdn.bookly.com/discovery/modal/84/modal_image/77226fb929cf66172fd5719090aed00fd7c975f4.jpg	popup_image_url	14861.0	147.0	0.9891662741403674
https://d2ybmm5cpznb3i.cloudfront.net/wp-content/uploads/2019/01/point-of-view-copy-300x157.jpg	popup_image_url	4340.0	42.0	0.967741935483871
https://blog.bookly.com/wp-content/uploads/2018/05/modal-signup-ghostwriter-300x168.jpg	popup_image_url	2184.0	21.0	0.9615384615384616
https://d2ybmm5cpznb3i.cloudfront.net/wp-content/uploads/2019/01/Dialog-Tags-300x157.jpg	popup_image_url	17612.0	168.0	0.9538950715421303
https://d2ybmm5cpznb3i.cloudfront.net/wp-content/uploads/2019/06/PLOT-TWIST-300x152.jpg	popup_image_url	27993.0	259.0	0.9252313078269567
https://d2ybmm5cpznb3i.cloudfront.net/wp-content/uploads/2020/06/Query-Letter-Review-300x157.jpg	popup_image_url	8372.0	77.0	0.919732441471572
https://images-cdn.bookly.com/discovery/modal/69/modal_image/854245cc10ad1097e9853327e18b26302132cb18.jpg	popup_image_url	3822.0	35.0	0.9157509157509158
https://d2ybmm5cpznb3i.cloudfront.net/wp-content/uploads/2018/05/Start-writing-your-book-2-768x402-300x157.jpg	popup_image_url	9233.0	84.0	0.9097801364670205
https://blog-cdn.bookly.com/directories/admin/modal/70/medium_06e1c1f279d03e940b901f8682f12680.jpg	popup_image_url	257985.0	2275.0	0.8818342151675485
https://d2ybmm5cpznb3i.cloudfront.net/wp-content/uploads/2018/05/Facebook-ads-for-authors-3-300x157.jpg	popup_image_url	8806.0	77.0	0.8744038155802861
https://blog-cdn.bookly.com/directories/admin/modal/67/medium_e49f06d8dd4ef2d898ec778defe5a9fd.jpg	popup_image_url	161014.0	1358.0	0.8434049213111904
https://images-cdn.bookly.com/discovery/modal/71/modal_image/c26538ff986ecf58df8405902b5ed61223450f69.jpg	popup_image_url	2891.0	21.0	0.7263922518159807
https://d2ybmm5cpznb3i.cloudfront.net/wp-content/uploads/2019/01/POV-Modal-3-300x140.jpg	popup_image_url	8134.0	56.0	0.6884681583476765
https://blog-cdn.bookly.com/directories/admin/modal/32/medium_2a45270e401fa4e1402d1a62cf8b47af.jpg	popup_image_url	3101.0	21.0	0.6772009029345373
https://images-cdn.bookly.com/discovery/modal/67/modal_image/6e832ac20f109ad7a1b34430b75e3ed791934eee.jpg	popup_image_url	3101.0	21.0	0.6772009029345373
https://images-cdn.bookly.com/discovery/modal/34/modal_image/0a1554b909d18c6ad31611e0c984c012e9fa72a6.jpg	popup_image_url	8554.0	56.0	0.6546644844517185
https://d2ybmm5cpznb3i.cloudfront.net/wp-content/uploads/2019/01/Artboard-1-300x150.jpg	popup_image_url	16891.0	105.0	0.6216328222130129
https://images-cdn.bookly.com/discovery/modal/78/modal_image/c26538ff986ecf58df8405902b5ed61223450f69.jpg	popup_image_url	9240.0	56.0	0.6060606060606061
https://d2ybmm5cpznb3i.cloudfront.net/wp-content/uploads/2018/05/Character-Development-300x157.jpg	popup_image_url	34790.0	203.0	0.5835010060362174
https://images-cdn.bookly.com/discovery/modal/60/modal_image/1f7326b2d40080168b40b140e454e95884760b2b.jpg	popup_image_url	4529.0	21.0	0.46367851622874806
https://d2ybmm5cpznb3i.cloudfront.net/wp-content/uploads/2020/05/POV-course-300x178.jpg	popup_image_url	4676.0	21.0	0.4491017964071856
https://images-cdn.bookly.com/discovery/modal/72/modal_image/854245cc10ad1097e9853327e18b26302132cb18.jpg	popup_image_url	9569.0	42.0	0.43891733723482074
https://d2ybmm5cpznb3i.cloudfront.net/wp-content/uploads/2018/11/SPvTP-300x157.jpg	popup_image_url	8932.0	35.0	0.3918495297805642
https://images-cdn.bookly.com/discovery/modal/83/modal_image/77226fb929cf66172fd5719090aed00fd7c975f4.jpg	popup_image_url	14364.0	56.0	0.3898635477582846
https://blog-cdn.bookly.com/directories/admin/modal/6/medium_308a8b500952515c88cea821d3f72e43.jpg	popup_image_url	14679.0	56.0	0.3814973772055317
https://images-cdn.bookly.com/discovery/modal/16/modal_image/d9ec720364c1a8b647f5bfbd7804bf1778e80598.jpg	popup_image_url	19593.0	70.0	0.35727045373347627
https://d2ybmm5cpznb3i.cloudfront.net/wp-content/uploads/2018/05/Self-Edit-Like-A-Pro-1024x536-300x157.jpg	popup_image_url	34545.0	105.0	0.303951367781155
https://images-cdn.bookly.com/discovery/modal/77/modal_image/1bbeb633bd284484682ec939f630487692238119.jpg	popup_image_url	8071.0	21.0	0.26019080659150046
https://images-cdn.bookly.com/discovery/modal/46/modal_image/9bcde3ac5274253361873dc435891fc27c9d8e46.jpg	popup_image_url	10542.0	21.0	0.199203187250996
https://images-cdn.bookly.com/discovery/modal/76/modal_image/1bbeb633bd284484682ec939f630487692238119.jpg	popup_image_url	33593.0	63.0	0.18753907063971662
https://d2ybmm5cpznb3i.cloudfront.net/wp-content/uploads/2020/01/Trad-pub-101-1-573x300-1-300x157.jpg	popup_image_url	12852.0	21.0	0.16339869281045752
https://images-cdn.bookly.com/discovery/modal/81/modal_image/768faa9da486fbdfac9d80068ed7aa5bcfb92ade.jpg	popup_image_url	16562.0	21.0	0.12679628064243448
https://images-cdn.bookly.com/discovery/modal/15/modal_image/d375d096413d642b7cd4af49902a41f8cfd368ff.jpg	popup_image_url	29813.0	35.0	0.11739845034045551
https://images-cdn.bookly.com/discovery/modal/75/modal_image/1bbeb633bd284484682ec939f630487692238119.jpg	popup_image_url	18158.0	21.0	0.1156515034695451
https://images-cdn.bookly.com/discovery/modal/1/modal_image/ccd3b6177ae0835b25c6eac3ec87d3480e64fe34.jpg	popup_image_url	54222.0	42.0	0.0774593338497289
https://d2ybmm5cpznb3i.cloudfront.net/wp-content/uploads/2020/02/marketplace_mobile1-300x200.jpg	popup_image_url	56.0	0.0	0.0
https://images-cdn.bookly.com/discovery/modal/62/modal_image/123cc21dd98922bee14c085d0dcc2ce1aaff1a78.jpg	popup_image_url	2457.0	0.0	0.0
https://d2ybmm5cpznb3i.cloudfront.net/wp-content/uploads/2018/05/Short-story-300x157.jpg?iorg_ia=t	popup_image_url	21.0	0.0	0.0
https://images-cdn.bookly.com/discovery/modal/68/modal_image/6e832ac20f109ad7a1b34430b75e3ed791934eee.jpg	popup_image_url	2975.0	0.0	0.0
https://d2ybmm5cpznb3i.cloudfront.net/wp-content/uploads/2018/05/modal-signup-ghostwriter-300x168.jpg	popup_image_url	2891.0	0.0	0.0
https://images-cdn.bookly.com/discovery/modal/66/modal_image/1567d2b1296a4d81463da30342e57bd5e8da3be0.jpg	popup_image_url	21.0	0.0	0.0
https://d2ybmm5cpznb3i.cloudfront.net/wp-content/uploads/2018/07/Start-writing-your-book-2-768x402-300x157.jpg	popup_image_url	1729.0	0.0	0.0
https://images-cdn.bookly.com/discovery/modal/59/modal_image/1f7326b2d40080168b40b140e454e95884760b2b.jpg	popup_image_url	4039.0	0.0	0.0
https://images-cdn.bookly.com/discovery/modal/53/modal_image/0b576a5ed2297e7a8a46d9a3ab85dc3a9ae55842.jpg	popup_image_url	4697.0	0.0	0.0
https://images-cdn.bookly.com/discovery/modal/52/modal_image/123cc21dd98922bee14c085d0dcc2ce1aaff1a78.jpg	popup_image_url	3136.0	0.0	0.0
https://images-cdn.bookly.com/discovery/modal/51/modal_image/1440fa988ba2f7de268e5282d8f28f7d185c9563.jpg	popup_image_url	2758.0	0.0	0.0
https://images-cdn.bookly.com/discovery/modal/5/modal_image/d7885e6e640c8126106e1a17818d26212047e0b1.jpg	popup_image_url	287.0	0.0	0.0
https://images-cdn.bookly.com/discovery/modal/48/modal_image/f5da77074bd76c3011a137e088c770549749b44a.jpg	popup_image_url	4046.0	0.0	0.0
https://images-cdn.bookly.com/discovery/modal/7/modal_image/8aacec3d68fdd93e315ff815d8087a669421af56.jpg	popup_image_url	2268.0	0.0	0.0
https://d2ybmm5cpznb3i.cloudfront.net/wp-content/uploads/2018/05/Self-Edit-Like-A-Pro-1024x536-300x157.jpg?iorg_ia=t	popup_image_url	21.0	0.0	0.0
https://d2ybmm5cpznb3i.cloudfront.net/wp-content/uploads/2018/05/Self-publishing-a-book-101-300x157.jpg	popup_image_url	2380.0	0.0	0.0
https://d2ybmm5cpznb3i.cloudfront.net/wp-content/uploads/2018/08/short_story_copy-300x150.jpg	popup_image_url	1750.0	0.0	0.0
https://images-cdn.bookly.com/discovery/modal/73/modal_image/2ce218ef3257034439f7e260bfea0fce3df62cf8.jpg	popup_image_url	833.0	0.0	0.0
https://images-cdn.bookly.com/discovery/modal/74/modal_image/5320b7d94d9d3b256f57f1dc1fef950124705e3f.jpg	popup_image_url	1190.0	0.0	0.0
https://d2ybmm5cpznb3i.cloudfront.net/wp-content/uploads/2018/05/Money-300x189.jpg	popup_image_url	56.0	0.0	0.0
https://d2ybmm5cpznb3i.cloudfront.net/wp-content/uploads/2018/05/How-to-price-books-300x157.jpg	popup_image_url	1015.0	0.0	0.0
https://d2ybmm5cpznb3i.cloudfront.net/wp-content/uploads/2018/05/How-to-get-your-book-into-libraries-300x157.jpg	popup_image_url	168.0	0.0	0.0
https://images-cdn.bookly.com/discovery/modal/79/modal_image/168fe02f79c555e068aa82493dfbefec7679c5f6.jpg	popup_image_url	2940.0	0.0	0.0
https://images-cdn.bookly.com/discovery/modal/8/modal_image/c11321362a2f2ccef5bea08af681237ab7b978ac.jpg	popup_image_url	3318.0	0.0	0.0
https://images-cdn.bookly.com/discovery/modal/80/modal_image/1e55220dda895467f080b3c96a63b0e2e8ae2e67.jpg	popup_image_url	15064.0	0.0	0.0
https://images-cdn.bookly.com/discovery/modal/82/modal_image/abea65c12c84c1a6b9009c500077e743f4211c59.jpg	popup_image_url	1442.0	0.0	0.0
https://d2ybmm5cpznb3i.cloudfront.net/wp-content/uploads/2018/02/Start-writing-your-book-573x300-300x157.jpg	popup_image_url	707.0	0.0	0.0
https://d2ybmm5cpznb3i.cloudfront.net/wp-content/uploads/2018/05/Dialog-300x157.jpg	popup_image_url	420.0	0.0	0.0
https://d2ybmm5cpznb3i.cloudfront.net/wp-content/uploads/2018/02/megaphone-1-300x162.jpg	popup_image_url	42.0	0.0	0.0
https://images-cdn.bookly.com/discovery/modal/47/modal_image/f5da77074bd76c3011a137e088c770549749b44a.jpg	popup_image_url	3696.0	0.0	0.0
https://images-cdn.bookly.com/discovery/modal/45/modal_image/a74f16c11792da6a36979a58a1ba2b4333632f57.jpg	popup_image_url	7294.0	0.0	0.0
https://d2ybmm5cpznb3i.cloudfront.net/wp-content/uploads/2020/03/Checklists-10-300x157.jpg?iorg_ia=t	popup_image_url	21.0	0.0	0.0
https://blog-cdn.bookly.com/directories/admin/modal/23/medium_2a8e12fe6b70a5fdc48187e2e8fcbd1a.jpg	popup_image_url	196.0	0.0	0.0
https://blog-cdn.bookly.com/directories/admin/modal/52/medium_e2eaa44de895efdba74cc50efa2645ef.jpg	popup_image_url	287.0	0.0	0.0
https://blog-cdn.bookly.com/directories/admin/modal/53/medium_317e4f3d1c2f06251ca8644b54ad3151.jpg	popup_image_url	21.0	0.0	0.0
https://blog-cdn.bookly.com/directories/admin/modal/45/medium_96344aff21e1f1095a17ad593e4c1e53.jpg	popup_image_url	42.0	0.0	0.0
https://d2ybmm5cpznb3i.cloudfront.net/wp-content/uploads/2019/11/Aja-Pollock-modal-300x200.jpg	popup_image_url	399.0	0.0	0.0
https://d2ybmm5cpznb3i.cloudfront.net/wp-content/uploads/2020/03/How-to-write-a-novel-300x150.jpg?iorg_ia=t	popup_image_url	21.0	0.0	0.0
https://blog-cdn.bookly.com/directories/admin/modal/64/medium_c2f621e88fe610ba7a1f6c67d1526e3f.jpg	popup_image_url	469.0	0.0	0.0
https://d2ybmm5cpznb3i.cloudfront.net/wp-content/uploads/2019/03/How-to-Grow-Influence-Header-300x157.jpg	popup_image_url	602.0	0.0	0.0
https://d2ybmm5cpznb3i.cloudfront.net/wp-content/uploads/2019/03/Book-Marketing-Checklist-1-300x165.jpg	popup_image_url	56.0	0.0	0.0
https://d2ybmm5cpznb3i.cloudfront.net/wp-content/uploads/2020/04/Inside-a-Traditional-Press-300x157.jpg	popup_image_url	3409.0	0.0	0.0
https://d2ybmm5cpznb3i.cloudfront.net/wp-content/uploads/2019/01/Artboard-Copy-2-300x150.jpg	popup_image_url	203.0	0.0	0.0
https://blog-cdn.bookly.com/directories/admin/modal/71/medium_f6353ca0781fe13775e2dbb9bb4e009e.jpg	popup_image_url	1029.0	0.0	0.0
https://blog.bookly.com/wp-content/uploads/2018/05/Self-publishing-a-book-101-300x157.jpg	popup_image_url	21.0	0.0	0.0
https://blog.bookly.com/wp-content/uploads/2019/04/RBE-Modal-300x200.jpg	popup_image_url	1302.0	0.0	0.0
https://images-cdn.bookly.com/discovery/modal/12/modal_image/112d2aedf58c860c03e19d43fdba78b2b0adfc90.jpg	popup_image_url	3969.0	0.0	0.0
https://images-cdn.bookly.com/discovery/modal/44/modal_image/a74f16c11792da6a36979a58a1ba2b4333632f57.jpg	popup_image_url	7490.0	0.0	0.0
https://d2ybmm5cpznb3i.cloudfront.net/wp-content/uploads/2016/06/Hiding-Haelo-in-the-sun1-300x200.jpg	popup_image_url	707.0	0.0	0.0
https://d2ybmm5cpznb3i.cloudfront.net/wp-content/uploads/2016/10/Facebook-ads-for-authors-5-300x157.jpg	popup_image_url	21.0	0.0	0.0
https://images-cdn.bookly.com/discovery/modal/17/modal_image/1f7326b2d40080168b40b140e454e95884760b2b.jpg	popup_image_url	1568.0	0.0	0.0
https://images-cdn.bookly.com/discovery/modal/19/modal_image/54090cc8ad2acaae1f344a0434d99024bbf85983.jpg	popup_image_url	161.0	0.0	0.0
https://images-cdn.bookly.com/discovery/modal/2/modal_image/2ef12ccb71ebc6a2f10f8ebc4c68c715f166735c.jpg	popup_image_url	4669.0	0.0	0.0
https://images-cdn.bookly.com/discovery/modal/21/modal_image/1f7326b2d40080168b40b140e454e95884760b2b.jpg	popup_image_url	2653.0	0.0	0.0
https://images-cdn.bookly.com/discovery/modal/22/modal_image/672a99dfad9283108f350e4ab13aac57a82abb2d.jpg	popup_image_url	3108.0	0.0	0.0
https://images-cdn.bookly.com/discovery/modal/23/modal_image/2ef12ccb71ebc6a2f10f8ebc4c68c715f166735c.jpg	popup_image_url	4081.0	0.0	0.0
https://images-cdn.bookly.com/discovery/modal/3/modal_image/112d2aedf58c860c03e19d43fdba78b2b0adfc90.jpg	popup_image_url	4207.0	0.0	0.0
https://images-cdn.bookly.com/discovery/modal/30/modal_image/76bf073c98a8b48c248649a15733b6330b916354.jpg	popup_image_url	70.0	0.0	0.0
https://d2ybmm5cpznb3i.cloudfront.net/wp-content/uploads/2018/10/Marketplace-Photo-2-300x124.jpg	popup_image_url	756.0	0.0	0.0
https://d2ybmm5cpznb3i.cloudfront.net/wp-content/uploads/2018/10/Marketplace-Photo-1-300x124.jpg	popup_image_url	847.0	0.0	0.0
https://images-cdn.bookly.com/discovery/modal/4/modal_image/112d2aedf58c860c03e19d43fdba78b2b0adfc90.jpg	popup_image_url	2653.0	0.0	0.0
https://images-cdn.bookly.com/discovery/modal/9/modal_image/6795e78428298f29f8291c1acbdf1fd603659a3d.jpg	popup_image_url	7826.0	0.0	0.0
